fiscal_year,bid_number,document_type,record_date,record_number,title,normalized_vendor,category,subcategory,evidence_basis,substantive_source_url,procurement_status,award_status,contract_status,amendment_status,po_status,invoice_status,payment_status,approved_amount,contract_ceiling,verified_actual_payments,parent_contract_number,source_url,notes
"FY2025-26",,"Renewals/Extensions/Amendments","2025-10-01","2021/2022-129 AM4","FOURTH AMENDMENT TO AGREEMENT FOR STORMWATER POND MOWING - ISLAND OUTDOOR MANAGEMENT, INC.","ISLAND OUTDOOR MANAGEMENT, INC.","Stormwater/Drainage",,"CLERK INDEX METADATA ONLY",,"NEEDS VERIFICATION","NEEDS VERIFICATION","NEEDS VERIFICATION","FOUND","MISSING","MISSING","MISSING",,,,"2021/2022-129","https://dmcc.clayclerk.com/Documents/Download/16600","Clerk index metadata verified; document terms and payment chain require document-level review."
"FY2025-26",,"Renewals/Extensions/Amendments","2025-10-01","2022/2023-218 AM1","FIRST AMENDMENT TO AGREEMENT FOR TRIM PROCESSING AND EXEMPTION RENEWALS - FSSI EAST, INC. FKA CATHEDRAL","FSSI EAST, INC. FKA CATHEDRAL","Administrative/Consulting",,"CLERK INDEX METADATA ONLY",,"NEEDS VERIFICATION","NEEDS VERIFICATION","NEEDS VERIFICATION","FOUND","MISSING","MISSING","MISSING",,,,"2022/2023-218","https://dmcc.clayclerk.com/Documents/Download/16599","Clerk index metadata verified; document terms and payment chain require document-level review."
"FY2025-26",,"Renewals/Extensions/Amendments","2025-10-01","2022/2023-72 RN1","FIRST RENEWAL TO AGREEMENT FOR FRONTLOAD CONTAINER SERVICE FOR MULTIPLE COUNTY FACILITIES - FREEDOM WASTE RENEWAL","FREEDOM WASTE RENEWAL","Construction/Repairs/Facilities",,"CLERK INDEX METADATA ONLY",,"NEEDS VERIFICATION","NEEDS VERIFICATION","NEEDS VERIFICATION","FOUND","MISSING","MISSING","MISSING",,,,"2022/2023-72","https://dmcc.clayclerk.com/Documents/Download/16607","Clerk index metadata verified; document terms and payment chain require document-level review."
"FY2025-26",,"Agreement/Contract","2025-10-01","2024/2025-0305","CLAY COUNTY HEALTH DEPARTMENT FY25-26 OPERATIONAL FUNDING AGREEMENT",,"Health/Human Services",,"CLERK INDEX METADATA ONLY",,"N/A","N/A","FOUND","N/A","N/A","N/A","N/A",,,,,"https://dmcc.clayclerk.com/Documents/Download/16671","Clerk index metadata verified; document terms and payment chain require document-level review."
"FY2025-26",,"Agreement/Contract","2025-10-01","2025/2026-26 (A)","Machine Repurchase Agreement - RINGPOWER","RINGPOWER","Equipment/Fleet",,"CLERK INDEX METADATA ONLY",,"NEEDS VERIFICATION","NEEDS VERIFICATION","FOUND","N/A","MISSING","MISSING","MISSING",,,,,"https://dmcc.clayclerk.com/Documents/Download/16672","Clerk index metadata verified; document terms and payment chain require document-level review."
"FY2025-26",,"Renewals/Extensions/Amendments","2025-10-02","2019/2020-37 AM2","SECOND AMENDMENT TO AGREEMENT FOR FINANCIAL ADVISORY SERVICES - PFM FINANCIAL ADVISORS, LLC.","PFM FINANCIAL ADVISORS, LLC.","Administrative/Consulting",,"CLERK INDEX METADATA ONLY",,"NEEDS VERIFICATION","NEEDS VERIFICATION","NEEDS VERIFICATION","FOUND","MISSING","MISSING","MISSING",,,,"2019/2020-37","https://dmcc.clayclerk.com/Documents/Download/16598","Clerk index metadata verified; document terms and payment chain require document-level review."
"FY2025-26",,"Agreement/Contract","2025-10-02","2022/2023-6 RN1","FIRST RENEWAL TO AGREEMENT FOR DECEASED PERSONS TRANSPORT - NORTH FLORIDA REMOVAL AND CLEANING SERVICE, INC.","NORTH FLORIDA REMOVAL AND CLEANING SERVICE, INC.","Health/Human Services",,"CLERK INDEX METADATA ONLY",,"NEEDS VERIFICATION","NEEDS VERIFICATION","FOUND","N/A","MISSING","MISSING","MISSING",,,,,"https://dmcc.clayclerk.com/Documents/Download/16597","Clerk index metadata verified; document terms and payment chain require document-level review."
"FY2025-26",,"Renewals/Extensions/Amendments","2025-10-02","2024/2025-250 AM1","FIRST AMENDMENT TO AGREEMENT FOR GREEN COVE SPRINGS SENIOR CENTER HEAT PUMP SPLIT HVAC SYSTEM UPGRADE - JR HOBBS","JR HOBBS","Construction/Repairs/Facilities",,"CLERK INDEX METADATA ONLY",,"NEEDS VERIFICATION","NEEDS VERIFICATION","NEEDS VERIFICATION","FOUND","MISSING","MISSING","MISSING",,,,"2024/2025-250","https://dmcc.clayclerk.com/Documents/Download/16603","Clerk index metadata verified; document terms and payment chain require document-level review."
"FY2025-26",,"Renewals/Extensions/Amendments","2025-10-02","2024/2025-66 AM1","FIRST RENEWAL AND AMENDMENT TO INTERLOCAL AGREEMENT BETWEEN CLAY COUNTY, FLORIDA AND THE CITY OF GREEN COVE SPRINGS, FLORIDA - USE OF COUNTY'S GRANT STAFF FOR GRANT RESEARCH AND WRITING ASSISTANCE",,"Grants/Interlocal Agreements",,"CLERK INDEX METADATA ONLY",,"N/A","N/A","NEEDS VERIFICATION","FOUND","N/A","N/A","N/A",,,,"2024/2025-66","https://dmcc.clayclerk.com/Documents/Download/16611","Clerk index metadata verified; document terms and payment chain require document-level review."
"FY2025-26",,"Renewals/Extensions/Amendments","2025-10-02","2024/2025-81 RN1 AM1","FIRST RENEWAL AND AMENDMENT TO AGREEMENT FOR POND TREATMENT SPRAYING SERVICES - NORT TERRITORY - LAKE DOCTORS POND SPRAYING","LAKE DOCTORS POND SPRAYING","Stormwater/Drainage",,"CLERK INDEX METADATA ONLY",,"NEEDS VERIFICATION","NEEDS VERIFICATION","NEEDS VERIFICATION","FOUND","MISSING","MISSING","MISSING",,,,"2024/2025-81","https://dmcc.clayclerk.com/Documents/Download/16664","Clerk index metadata verified; document terms and payment chain require document-level review."
"FY2025-26",,"Renewals/Extensions/Amendments","2025-10-02","2024/2025-82 RN1 AM1","FIRST RENEWAL AND AMENDMENT TO AGREEMENT FOR POND TREATMENT SPRAYING SERVICES – SOUTH TERRITORY - BIO-TECH CONSULTING, LLC","BIO-TECH CONSULTING, LLC","Stormwater/Drainage",,"CLERK INDEX METADATA ONLY",,"NEEDS VERIFICATION","NEEDS VERIFICATION","NEEDS VERIFICATION","FOUND","MISSING","MISSING","MISSING",,,,"2024/2025-82","https://dmcc.clayclerk.com/Documents/Download/16596","Clerk index metadata verified; document terms and payment chain require document-level review."
"FY2025-26",,"Agreement/Contract","2025-10-02","2025/2026-0002","ADOPT-A-MILE/SPOT PROGRAM LITTER REMOVAL AGREEMENT - BIG SKYE DUMPSTER",,"Community/Nonprofit Agreements",,"CLERK INDEX METADATA ONLY",,"N/A","N/A","FOUND","N/A","N/A","N/A","N/A",,,,,"https://dmcc.clayclerk.com/Documents/Download/16608","Clerk index metadata verified; document terms and payment chain require document-level review."
"FY2025-26",,"Agreement/Contract","2025-10-02","2025/2026-0003","TOURIST DEVELOPMENT COUNCIL SPORTS EVENT GRANT FUNDING AGREEMENT - JC KITAIF PRO RODEOS",,"Grants/Interlocal Agreements",,"CLERK INDEX METADATA ONLY",,"N/A","N/A","FOUND","N/A","N/A","N/A","N/A",,,,,"https://dmcc.clayclerk.com/Documents/Download/16602","Clerk index metadata verified; document terms and payment chain require document-level review."
"FY2025-26",,"Agreement/Contract","2025-10-03","2024/2025-0211","AGREEMENT BETWEEN AND AMONG CITY OF JACKSONVILLE, BAKER COUNTY, CLAY COUNTY, NASSAU COUNTY, AND ST. JOHNS COUNTY FOR MANAGEMENT AND CONTROL OF ??ROPERTY AND EQUIPMENT ACQUIRED WITH FEDERAL GRANT FUNDS",,"Grants/Interlocal Agreements",,"CLERK INDEX METADATA ONLY",,"N/A","N/A","FOUND","N/A","N/A","N/A","N/A",,,,,"https://dmcc.clayclerk.com/Documents/Download/16615","Clerk index metadata verified; document terms and payment chain require document-level review."
"FY2025-26",,"Agreement/Contract","2025-10-05","2024/2025-0354","GENERAL DEVICES, LLC E-BRIDGE SAAS SERVICE AGREEMENT","General Devices, LLC","Software/SaaS/Subscriptions/IT",,"CLERK INDEX METADATA ONLY",,"NEEDS VERIFICATION","NEEDS VERIFICATION","FOUND","N/A","MISSING","MISSING","MISSING",,,,,"https://dmcc.clayclerk.com/Documents/Download/16590","Clerk index metadata verified; document terms and payment chain require document-level review."
"FY2025-26",,"Renewals/Extensions/Amendments","2025-10-08","2022/2023-15 RN3","CONTRACT BoCC AND LOBBY TOOLS RENEWAL","LobbyTools","Software/SaaS/Subscriptions/IT",,"CLERK INDEX METADATA ONLY",,"NEEDS VERIFICATION","NEEDS VERIFICATION","NEEDS VERIFICATION","FOUND","MISSING","MISSING","MISSING",,,,"2022/2023-15","https://dmcc.clayclerk.com/Documents/Download/16604","Clerk index metadata verified; document terms and payment chain require document-level review."
"FY2025-26",,"Renewals/Extensions/Amendments","2025-10-08","2024/2025-132 AM1","FIRST AMENDMENT TO AGREEMENT FOR POND REGRADING AND ELECTRICAL IMPROVEMENTS AT THE CLAY COUNTY FAIRGROUNDS - K & G CONSTRUCTION","K & G CONSTRUCTION","Stormwater/Drainage",,"CLERK INDEX METADATA ONLY",,"NEEDS VERIFICATION","NEEDS VERIFICATION","NEEDS VERIFICATION","FOUND","MISSING","MISSING","MISSING",,,,"2024/2025-132","https://dmcc.clayclerk.com/Documents/Download/16623","Clerk index metadata verified; document terms and payment chain require document-level review."
"FY2025-26",,"Agreement/Contract","2025-10-08","2025/2026-0005","AGREEMENT FOR SIDEWALK REPAIR - PRECISION SIDEWALK SAFETY CORP","PRECISION SIDEWALK SAFETY CORP","Roads/Transportation",,"CLERK INDEX METADATA ONLY",,"NEEDS VERIFICATION","NEEDS VERIFICATION","FOUND","N/A","MISSING","MISSING","MISSING",,,,,"https://dmcc.clayclerk.com/Documents/Download/16658","Clerk index metadata verified; document terms and payment chain require document-level review."
"FY2025-26",,"Agreement/Contract","2025-10-09","2025/2026-0006","INTERLOCAL AGREEMENT BETWEEN CLAY COUNTY, FLORIDA AND THE CITY OF GREEN COVE SPRINGS, FLORIDA FOR BUILDING INSPECTION AND PLAN REVIEW SERVICES -",,"Construction/Repairs/Facilities",,"CLERK INDEX METADATA ONLY",,"N/A","N/A","FOUND","N/A","N/A","N/A","N/A",,,,,"https://dmcc.clayclerk.com/Documents/Download/16605","Clerk index metadata verified; document terms and payment chain require document-level review."
"FY2025-26",,"Renewals/Extensions/Amendments","2025-10-14","2014/2015-155 RN1 AM3","FIRST RENEWAL AND THIRD AMENDMENT TO BUS BENCH SITING AGREEMENT PUSH MEDIA",,"Roads/Transportation",,"CLERK INDEX METADATA ONLY",,"N/A","N/A","NEEDS VERIFICATION","FOUND","N/A","N/A","N/A",,,,"2014/2015-155","https://dmcc.clayclerk.com/Documents/Download/16635","Clerk index metadata verified; document terms and payment chain require document-level review."
"FY2025-26",,"Renewals/Extensions/Amendments","2025-10-14","2024/2025-40 AM1","USDOT FY2023 SAFER STREETS GRANT",,"Grants/Interlocal Agreements",,"CLERK INDEX METADATA ONLY",,"N/A","N/A","NEEDS VERIFICATION","FOUND","N/A","N/A","N/A",,,,"2024/2025-40","https://dmcc.clayclerk.com/Documents/Download/16699","Clerk index metadata verified; document terms and payment chain require document-level review."
"FY2025-26",,"Agreement/Contract","2025-10-14","2025/2026-0007","MOSQUITO CONTROL STATE FINANCIAL ASSISTANCE RECIPIENT AGREEMENT -",,"Environmental/Mosquito",,"CLERK INDEX METADATA ONLY",,"N/A","N/A","FOUND","N/A","N/A","N/A","N/A",,,,,"https://dmcc.clayclerk.com/Documents/Download/16783","Clerk index metadata verified; document terms and payment chain require document-level review."
"FY2025-26",,"Agreement/Contract","2025-10-14","2025/2026-0027","THRASHER HORNE CENTER - RESERVATION AGREEMENT","RESERVATION AGREEMENT","Parks/Recreation",,"CLERK INDEX METADATA ONLY",,"NEEDS VERIFICATION","NEEDS VERIFICATION","FOUND","N/A","MISSING","MISSING","MISSING",,,,,"https://dmcc.clayclerk.com/Documents/Download/16701","Clerk index metadata verified; document terms and payment chain require document-level review."
"FY2025-26",,"Agreement/Contract","2025-10-15","2025/2026-0008","BLUEMEDICARE GROUP MASTER AGREEMENT",,"Insurance/Benefits",,"CLERK INDEX METADATA ONLY",,"N/A","N/A","FOUND","N/A","N/A","N/A","N/A",,,,,"https://dmcc.clayclerk.com/Documents/Download/16676","Clerk index metadata verified; document terms and payment chain require document-level review."
"FY2025-26",,"Renewals/Extensions/Amendments","2025-10-16","2024/2025-263 AM1","FIRST AMENDMENT TO AGREEMENT FOR COMMUNITY DEVELOPMENT BLOCK GRANT (CDBG) HOUSING REHABILITATION - 1214 LIONS DEN DRIVE","1214 LIONS DEN DRIVE","Grants/Interlocal Agreements",,"CLERK INDEX METADATA ONLY",,"NEEDS VERIFICATION","NEEDS VERIFICATION","NEEDS VERIFICATION","FOUND","MISSING","MISSING","MISSING",,,,"2024/2025-263","https://dmcc.clayclerk.com/Documents/Download/16642","Clerk index metadata verified; document terms and payment chain require document-level review."
"FY2025-26",,"Renewals/Extensions/Amendments","2025-10-23","2023/2024-20 RN1","First Renewal to Agreement for Foreclosure Property Registry with Hera Property Registry, LLC",,"Land/Leases/Real Estate",,"CLERK INDEX METADATA ONLY",,"N/A","N/A","NEEDS VERIFICATION","FOUND","N/A","N/A","N/A",,,,"2023/2024-20","https://dmcc.clayclerk.com/Documents/Download/16351","Clerk index metadata verified; document terms and payment chain require document-level review."
"FY2025-26",,"Renewals/Extensions/Amendments","2025-10-24","2024/2025-72 AM6","SIXTH AMENDMENT TO AGREEMENT FOR CLAY COUNTY ANIMAL SERVICES SHELTER AND CARE FACILITY",,"Construction/Repairs/Facilities",,"CLERK INDEX METADATA ONLY",,"N/A","N/A","NEEDS VERIFICATION","FOUND","N/A","N/A","N/A",,,,"2024/2025-72","https://dmcc.clayclerk.com/Documents/Download/16626","Clerk index metadata verified; document terms and payment chain require document-level review."
"FY2025-26",,"Agreement/Contract","2025-10-24","2025/2026-0011","AGREEMENT FOR TRAFFIC SIGNAL MAINTENANCE, REPAIR, AND CONSTRUCTION CONTINUOUS SERVICES - CHINCHOR ELECTRIC","CHINCHOR ELECTRIC","Roads/Transportation",,"CLERK INDEX METADATA ONLY",,"NEEDS VERIFICATION","NEEDS VERIFICATION","FOUND","N/A","MISSING","MISSING","MISSING",,,,,"https://dmcc.clayclerk.com/Documents/Download/16648","Clerk index metadata verified; document terms and payment chain require document-level review."
"FY2025-26",,"Agreement/Contract","2025-10-24","2025/2026-0014","TOURIST DEVELOPMENT COUNCIL SPECIAL EVENT GRANT FUNDING AGREEMENT - 15TH MOOSEHAVEN CHILI COOK-OFF",,"Grants/Interlocal Agreements",,"CLERK INDEX METADATA ONLY",,"N/A","N/A","FOUND","N/A","N/A","N/A","N/A",,,,,"https://dmcc.clayclerk.com/Documents/Download/16646","Clerk index metadata verified; document terms and payment chain require document-level review."
"FY2025-26",,"Renewals/Extensions/Amendments","2025-10-28","2022/2023-31 RN2","SECOND RENEWAL AND AMENDMENT TO AGREEMENT FOR CONTINUING GENERAL ARCHITECTURAL/ENGINEERING CONSULTING SERVICES FOR PARKS AND RECREATION - CHEN MOORE","CHEN MOORE","Engineering & Professional Services","Architecture & Design","CLERK INDEX METADATA ONLY",,"NEEDS VERIFICATION","NEEDS VERIFICATION","NEEDS VERIFICATION","FOUND","MISSING","MISSING","MISSING",,,,"2022/2023-31","https://dmcc.clayclerk.com/Documents/Download/16641","Clerk index metadata verified; document terms and payment chain require document-level review."
"FY2025-26",,"Renewals/Extensions/Amendments","2025-10-28","2022/2023-32 RN2","SECOND RENEWAL AND AMENDMEN TO AGREEMENT FOR CONTINUING GENERAL ARCHITECTURAL/ENGINEERING CONSULTING SERVICES FOR PARKS AND RECREATION - BHIDE AND HALL","BHIDE AND HALL","Engineering & Professional Services","Architecture & Design","CLERK INDEX METADATA ONLY",,"NEEDS VERIFICATION","NEEDS VERIFICATION","NEEDS VERIFICATION","FOUND","MISSING","MISSING","MISSING",,,,"2022/2023-32","https://dmcc.clayclerk.com/Documents/Download/16640","Clerk index metadata verified; document terms and payment chain require document-level review."
"FY2025-26",,"Renewals/Extensions/Amendments","2025-10-28","2022/2023-33 RN2","SECOND RENEWAL AND AMENDMENT TO AGREEMENT FOR CONTINUING GENERAL ARCHITECTURAL/ENGINEERING CONSULTING SERVICES FOR PARKS AND RECREATION - GAI","GAI","Engineering & Professional Services","Architecture & Design","CLERK INDEX METADATA ONLY",,"NEEDS VERIFICATION","NEEDS VERIFICATION","NEEDS VERIFICATION","FOUND","MISSING","MISSING","MISSING",,,,"2022/2023-33","https://dmcc.clayclerk.com/Documents/Download/16644","Clerk index metadata verified; document terms and payment chain require document-level review."
"FY2025-26",,"Agreement/Contract","2025-10-28","2025-2026-0025","STORM WIND RENEWAL AGREEMENT 3 YEAR OPTION",,"Insurance/Benefits",,"CLERK INDEX METADATA ONLY",,"N/A","N/A","FOUND","N/A","N/A","N/A","N/A",,,,,"https://dmcc.clayclerk.com/Documents/Download/16628","Clerk index metadata verified; document terms and payment chain require document-level review."
"FY2025-26",,"Agreement/Contract","2025-10-28","2025/2026-0018","VIRTUAL PRIME WITH GEO-PRIME AND CORE RELOCATION AND CIRRUS CENTRAL UPGRADE - SOURCEWELL CONTRACT 042021-MOTOROLA EQUIPMENT UPGRADE AND FINANCE AGREEMENT","Motorola Solutions","Software/SaaS/Subscriptions/IT",,"CLERK INDEX METADATA ONLY",,"NEEDS VERIFICATION","NEEDS VERIFICATION","FOUND","N/A","MISSING","MISSING","MISSING",,,,,"https://dmcc.clayclerk.com/Documents/Download/16625","Clerk index metadata verified; document terms and payment chain require document-level review."
"FY2025-26",,"Agreement/Contract","2025-10-28","2025/2026-0019","AGREEMENT FOR CLAY COUNTY STATE HOUSING INITIATIVE PARTNERSHIP (SHIP) INSPECTION SERVICES",,"Engineering & Professional Services","Other Professional Services","CLERK INDEX METADATA ONLY",,"N/A","N/A","FOUND","N/A","N/A","N/A","N/A",,,,,"https://dmcc.clayclerk.com/Documents/Download/16639","Clerk index metadata verified; document terms and payment chain require document-level review."
"FY2025-26",,"Agreement/Contract","2025-10-28","2025/2026-0020","GOVERNOR'S PARK MOBILITY FEE CREDIT AGREEMENT",,"Parks/Recreation",,"CLERK INDEX METADATA ONLY",,"N/A","N/A","FOUND","N/A","N/A","N/A","N/A",,,,,"https://dmcc.clayclerk.com/Documents/Download/16636","Clerk index metadata verified; document terms and payment chain require document-level review."
"FY2025-26",,"Agreement/Contract","2025-10-28","2025/2026-0021","LIEN REDUCTION AGREEMENT - 5207 SWEAT RD",,"Land/Leases/Real Estate",,"CLERK INDEX METADATA ONLY",,"N/A","N/A","FOUND","N/A","N/A","N/A","N/A",,,,,"https://dmcc.clayclerk.com/Documents/Download/16647","Clerk index metadata verified; document terms and payment chain require document-level review."
"FY2025-26",,"Agreement/Contract","2025-10-28","2025/2026-0023","COOPERA TTVE USE AGREEMENT BETWEEN CLAY COUNTY AND CLAY COUNTY HISTORICAL SOCIETY REGARDING HISTORIC TRIANGLE SITE - HISTORICAL SITE LEASE","HISTORICAL SITE LEASE","Land/Leases/Real Estate",,"CLERK INDEX METADATA ONLY",,"NEEDS VERIFICATION","NEEDS VERIFICATION","FOUND","N/A","MISSING","MISSING","MISSING",,,,,"https://dmcc.clayclerk.com/Documents/Download/16627","Clerk index metadata verified; document terms and payment chain require document-level review."
"FY2025-26",,"Agreement/Contract","2025-10-28","2025/2026-0024","AGREEMENT FOR SIDEWALKS FOR THE COMMUNITY DEVELOPMENT BLOCK GRANT ENTITLEMENT PROGRAM - JAX UTILITIES - CDBG","CDBG","Roads/Transportation",,"CLERK INDEX METADATA ONLY",,"NEEDS VERIFICATION","NEEDS VERIFICATION","FOUND","N/A","MISSING","MISSING","MISSING",,,,,"https://dmcc.clayclerk.com/Documents/Download/16632","Clerk index metadata verified; document terms and payment chain require document-level review."
"FY2025-26",,"Agreement/Contract","2025-10-30","2025-2026-0022","AGREEMENT FOR THE PURCHASE AND INSTALLATION OF GAS WATER HEATERS - BOILER TECHNOLOGIES","BOILER TECHNOLOGIES","Construction/Repairs/Facilities",,"CLERK INDEX METADATA ONLY",,"NEEDS VERIFICATION","NEEDS VERIFICATION","FOUND","N/A","MISSING","MISSING","MISSING",,,,,"https://dmcc.clayclerk.com/Documents/Download/16629","Clerk index metadata verified; document terms and payment chain require document-level review."
"FY2025-26",,"Renewals/Extensions/Amendments","2025-10-31","2022/2023-46 RN1","FIRST RENEWAL TO AGREEMENT FOR PROFESSIONAL LOBBYING SERVICES - THE SOUTHERN GROUP OF FLORIDA, INC","THE SOUTHERN GROUP OF FLORIDA, INC","Administrative/Consulting",,"CLERK INDEX METADATA ONLY",,"NEEDS VERIFICATION","NEEDS VERIFICATION","NEEDS VERIFICATION","FOUND","MISSING","MISSING","MISSING",,,,"2022/2023-46","https://dmcc.clayclerk.com/Documents/Download/16670","Clerk index metadata verified; document terms and payment chain require document-level review."
"FY2025-26",,"Renewals/Extensions/Amendments","2025-10-31","2023/2024-27 AM2","Second Amendment to the Main Services Agreement - FIDELITY WORKPLACE SERVICES",,"Insurance/Benefits",,"CLERK INDEX METADATA ONLY",,"N/A","N/A","NEEDS VERIFICATION","FOUND","N/A","N/A","N/A",,,,"2023/2024-27","https://dmcc.clayclerk.com/Documents/Download/16702","Clerk index metadata verified; document terms and payment chain require document-level review."
"FY2025-26",,"Renewals/Extensions/Amendments","2025-11-04","2012/2013-128 AM1","REINSTATEMENT AND FIRST AMENDMENT TO INTERLOCAL AGREEMENT - SPENCER WWTP",,"Utilities",,"CLERK INDEX METADATA ONLY",,"N/A","N/A","NEEDS VERIFICATION","FOUND","N/A","N/A","N/A",,,,"2012/2013-128","https://dmcc.clayclerk.com/Documents/Download/16700","Clerk index metadata verified; document terms and payment chain require document-level review."
"FY2025-26",,"Renewals/Extensions/Amendments","2025-11-10","2019/2020-196 AM14","FOURTEENTH AMENDMENT TO AGREEMENT FOR OWNER’S REPRESENTATIVE SERVICES FOR 2020 TRANSPORTATION BOND PROGRAM - WGI, INC.","WGI, INC.","Roads/Transportation",,"CLERK INDEX METADATA ONLY",,"NEEDS VERIFICATION","NEEDS VERIFICATION","NEEDS VERIFICATION","FOUND","MISSING","MISSING","MISSING",,,,"2019/2020-196","https://dmcc.clayclerk.com/Documents/Download/16686","Clerk index metadata verified; document terms and payment chain require document-level review."
"FY2025-26",,"Renewals/Extensions/Amendments","2025-11-10","2021/2022-151 AM4","FOURTH AMENDMENT TO AGREEMENT FOR FIRST COAST CONNECTOR (FCC)– SR 23 TO MARYLAND AVE. (CR 315) DESIGN-BUILD FOR THE BONDED TRANSPORTATION PROGRAM PROJECT 6B - SUPERIOR CONSTRUCTION","SUPERIOR CONSTRUCTION","Roads/Transportation",,"CLERK INDEX METADATA ONLY",,"NEEDS VERIFICATION","NEEDS VERIFICATION","NEEDS VERIFICATION","FOUND","MISSING","MISSING","MISSING",,,,"2021/2022-151","https://dmcc.clayclerk.com/Documents/Download/16669","Clerk index metadata verified; document terms and payment chain require document-level review."
"FY2025-26",,"Renewals/Extensions/Amendments","2025-11-10","2022/2023-327 RN2 AM1","AMENDMENT TO T-MOBILE RENEWAL AGREEMENT","T-Mobile","Software/SaaS/Subscriptions/IT",,"CLERK INDEX METADATA ONLY",,"NEEDS VERIFICATION","NEEDS VERIFICATION","NEEDS VERIFICATION","FOUND","MISSING","MISSING","MISSING",,,,"2022/2023-327","https://dmcc.clayclerk.com/Documents/Download/16674","Clerk index metadata verified; document terms and payment chain require document-level review."
"FY2025-26",,"Renewals/Extensions/Amendments","2025-11-10","2023/2024-168 AM2","SECOND AMENDMENT TO AGREEMENT FOR CONSTRUCTION OF ROADWAY AND DRAINAGE IMPROVEMENTS ALONG CR 218 FROM COSMOS AVE. TO PINE TREE LANE FOR THE BONDED TRANSPORTATION PROGRAM PROJECT 1 - ANDERSON COLUMBIA","ANDERSON COLUMBIA","Stormwater/Drainage",,"CLERK INDEX METADATA ONLY",,"NEEDS VERIFICATION","NEEDS VERIFICATION","NEEDS VERIFICATION","FOUND","MISSING","MISSING","MISSING",,,,"2023/2024-168","https://dmcc.clayclerk.com/Documents/Download/16682","Clerk index metadata verified; document terms and payment chain require document-level review."
"FY2025-26",,"Renewals/Extensions/Amendments","2025-11-10","2023/2024-78 AM2","SECOND AMENDMENT TO PHASE 2 CONSTRUCTION AGREEMENT FOR THE BONDED TRANSPORTATION PROGRAM CMAR GROUP #1, PROJECT 3B - KIEWIT","KIEWIT","Roads/Transportation",,"CLERK INDEX METADATA ONLY",,"NEEDS VERIFICATION","NEEDS VERIFICATION","NEEDS VERIFICATION","FOUND","MISSING","MISSING","MISSING",,,,"2023/2024-78","https://dmcc.clayclerk.com/Documents/Download/16661","Clerk index metadata verified; document terms and payment chain require document-level review."
"FY2025-26",,"Agreement/Contract","2025-11-10","2025/2026-0029","FRANCHISE AGREEMENT FOR CONTAINER SERVICE - CT DUMPSTER AND HAULING","CT DUMPSTER AND HAULING","Solid Waste/Franchises",,"CLERK INDEX METADATA ONLY",,"NEEDS VERIFICATION","NEEDS VERIFICATION","FOUND","N/A","MISSING","MISSING","MISSING",,,,,"https://dmcc.clayclerk.com/Documents/Download/16666","Clerk index metadata verified; document terms and payment chain require document-level review."
"FY2025-26",,"Agreement/Contract","2025-11-10","2025/2026-0030","FRANCHISE AGREEMENT FOR CONTAINER SERVICE - DENNIS JUNK REMOVAL","DENNIS JUNK REMOVAL","Solid Waste/Franchises",,"CLERK INDEX METADATA ONLY",,"NEEDS VERIFICATION","NEEDS VERIFICATION","FOUND","N/A","MISSING","MISSING","MISSING",,,,,"https://dmcc.clayclerk.com/Documents/Download/16683","Clerk index metadata verified; document terms and payment chain require document-level review."
"FY2025-26",,"Agreement/Contract","2025-11-10","2025/2026-0031","FRANCHISE AGREEMENT FOR CONTAINER SERVICE - AMERICAN ROLLOFFS","AMERICAN ROLLOFFS","Solid Waste/Franchises",,"CLERK INDEX METADATA ONLY",,"NEEDS VERIFICATION","NEEDS VERIFICATION","FOUND","N/A","MISSING","MISSING","MISSING",,,,,"https://dmcc.clayclerk.com/Documents/Download/16680","Clerk index metadata verified; document terms and payment chain require document-level review."
"FY2025-26",,"Agreement/Contract","2025-11-10","2025/2026-0032","FRANCHISE AGREEMENT FOR CONTAINER SERVICE - DUMP TRAILERS","DUMP TRAILERS","Roads/Transportation",,"CLERK INDEX METADATA ONLY",,"NEEDS VERIFICATION","NEEDS VERIFICATION","FOUND","N/A","MISSING","MISSING","MISSING",,,,,"https://dmcc.clayclerk.com/Documents/Download/16665","Clerk index metadata verified; document terms and payment chain require document-level review."
"FY2025-26",,"Agreement/Contract","2025-11-10","2025/2026-0033","FRANCHISE AGREEMENT FOR CONTAINER SERVICE - GREY DUMPSTER","GREY DUMPSTER","Solid Waste/Franchises",,"CLERK INDEX METADATA ONLY",,"NEEDS VERIFICATION","NEEDS VERIFICATION","FOUND","N/A","MISSING","MISSING","MISSING",,,,,"https://dmcc.clayclerk.com/Documents/Download/16679","Clerk index metadata verified; document terms and payment chain require document-level review."
"FY2025-26",,"Agreement/Contract","2025-11-10","2025/2026-0035","FRANCHISE AGREEMENT FOR CONTAINER SERVICE - MINUTEMAN RECYCLING","MINUTEMAN RECYCLING","Solid Waste/Franchises",,"CLERK INDEX METADATA ONLY",,"NEEDS VERIFICATION","NEEDS VERIFICATION","FOUND","N/A","MISSING","MISSING","MISSING",,,,,"https://dmcc.clayclerk.com/Documents/Download/16662","Clerk index metadata verified; document terms and payment chain require document-level review."
"FY2025-26",,"Agreement/Contract","2025-11-10","2025/2026-0036","FRANCHISE AGREEMENT FOR CONTAINER SERVICE - SHAPELLS","SHAPELLS","Solid Waste/Franchises",,"CLERK INDEX METADATA ONLY",,"NEEDS VERIFICATION","NEEDS VERIFICATION","FOUND","N/A","MISSING","MISSING","MISSING",,,,,"https://dmcc.clayclerk.com/Documents/Download/16673","Clerk index metadata verified; document terms and payment chain require document-level review."
"FY2025-26",,"Agreement/Contract","2025-11-10","2025/2026-0037","SUBLEASE AGREEMENT 420 COLLEGE DRIVE UNIT 107 - YOUTH CRISIS CENTER SUBLEASE","YOUTH CRISIS CENTER SUBLEASE","Health/Human Services",,"CLERK INDEX METADATA ONLY",,"NEEDS VERIFICATION","NEEDS VERIFICATION","FOUND","N/A","MISSING","MISSING","MISSING",,,,,"https://dmcc.clayclerk.com/Documents/Download/16681","Clerk index metadata verified; document terms and payment chain require document-level review."
"FY2025-26",,"Agreement/Contract","2025-11-10","2025/2026-0039","MOBILITY FEE CREDIT AGREEMENT AND ADEQUATE PUBLIC FACILITIES AGREEMENT FOR DONATION OF RIGHT OF WAY AND CONSTRUCTION OF A PORTION OF FEED MILL ROAD RE: SARATOGA SAGEBROOK LLC",,"Roads/Transportation",,"CLERK INDEX METADATA ONLY",,"N/A","N/A","FOUND","N/A","N/A","N/A","N/A",,,,,"https://dmcc.clayclerk.com/Documents/Download/16650","Clerk index metadata verified; document terms and payment chain require document-level review."
"FY2025-26",,"Agreement/Contract","2025-11-10","2025/2026-0040","EQUITABLE SHARING AGREEMENT AND CERTIFICATION - CCSO",,"Sheriff/Jail",,"CLERK INDEX METADATA ONLY",,"N/A","N/A","FOUND","N/A","N/A","N/A","N/A",,,,,"https://dmcc.clayclerk.com/Documents/Download/16693","Clerk index metadata verified; document terms and payment chain require document-level review."
"FY2025-26",,"Agreement/Contract","2025-11-10","2025/2026-0041","CONVEYANCE AGREEMENT - GH&G FLORIDA, LLC","GH&G FLORIDA, LLC","Land/Leases/Real Estate",,"CLERK INDEX METADATA ONLY",,"NEEDS VERIFICATION","NEEDS VERIFICATION","FOUND","N/A","MISSING","MISSING","MISSING",,,,,"https://dmcc.clayclerk.com/Documents/Download/16651","Clerk index metadata verified; document terms and payment chain require document-level review."
"FY2025-26",,"Agreement/Contract","2025-11-10","2025/2026-0084","RED WING SHOES PROGRAM AGREEMENT - WORK BOOTS","WORK BOOTS","Equipment/Fleet",,"CLERK INDEX METADATA ONLY",,"NEEDS VERIFICATION","NEEDS VERIFICATION","FOUND","N/A","MISSING","MISSING","MISSING",,,,,"https://dmcc.clayclerk.com/Documents/Download/16758","Clerk index metadata verified; document terms and payment chain require document-level review."
"FY2025-26",,"Renewals/Extensions/Amendments","2025-11-10","2025/2026-22 AM1","FIRST AMENDMENT TO AGREEMENT FOR THE PURCHASE AND INSTALLATION OF GAS WATER HEATERS - BTU","BTU","Construction/Repairs/Facilities",,"CLERK INDEX METADATA ONLY",,"NEEDS VERIFICATION","NEEDS VERIFICATION","NEEDS VERIFICATION","FOUND","MISSING","MISSING","MISSING",,,,"2025/2026-22","https://dmcc.clayclerk.com/Documents/Download/16677","Clerk index metadata verified; document terms and payment chain require document-level review."
"FY2025-26",,"Agreement/Contract","2025-11-11","2025/2026-0038","INTERLOCAL AGREEMENT REGARDING REPAIR TO TOWN CENTER BOULEVARD - FLEMING ISLAND PLANTATION CDD",,"Construction/Repairs/Facilities",,"CLERK INDEX METADATA ONLY",,"N/A","N/A","FOUND","N/A","N/A","N/A","N/A",,,,,"https://dmcc.clayclerk.com/Documents/Download/16649","Clerk index metadata verified; document terms and payment chain require document-level review."
"FY2025-26",,"Agreement/Contract","2025-11-13","2025/2026-0034","FRANCHISE AGREEMENT FOR CONTAINER SERVICE - MERIDIAN WASTE","MERIDIAN WASTE","Solid Waste/Franchises",,"CLERK INDEX METADATA ONLY",,"NEEDS VERIFICATION","NEEDS VERIFICATION","FOUND","N/A","MISSING","MISSING","MISSING",,,,,"https://dmcc.clayclerk.com/Documents/Download/16659","Clerk index metadata verified; document terms and payment chain require document-level review."
"FY2025-26",,"Renewals/Extensions/Amendments","2025-11-19","2022/2023-266 AM4","FOURTH AMENDMENT TO AGREEMENT FOR GROUNDSKEEPING SERVICES FOR CLAY COUNTY FACILITIES",,"Construction/Repairs/Facilities",,"CLERK INDEX METADATA ONLY",,"N/A","N/A","NEEDS VERIFICATION","FOUND","N/A","N/A","N/A",,,,"2022/2023-266","https://dmcc.clayclerk.com/Documents/Download/16705","Clerk index metadata verified; document terms and payment chain require document-level review."
"FY2025-26",,"Agreement/Contract","2025-11-19","2025/2026-0042","MEMORANDUM OF AGREEMENT FOR IN-KIND DONATION OF SHADE STRUCTURES AT NEPTUNE PARK - IN-KIND DONATION FIAA",,"Parks/Recreation",,"CLERK INDEX METADATA ONLY",,"N/A","N/A","FOUND","N/A","N/A","N/A","N/A",,,,,"https://dmcc.clayclerk.com/Documents/Download/16678","Clerk index metadata verified; document terms and payment chain require document-level review."
"FY2025-26",,"Agreement/Contract","2025-11-19","2025/2026-0043","MEMORANDUM OF UNDERSTANDING BETWEEN CLAY COUNTY AND FLORIDA DEPARTMENT OF LAW ENFORCEMENT [CLAY COUNTY PUBLIC SAFETY RADIO SYSTEM INTEROPERABILITY]",,"Public Safety",,"CLERK INDEX METADATA ONLY",,"N/A","N/A","FOUND","N/A","N/A","N/A","N/A",,,,,"https://dmcc.clayclerk.com/Documents/Download/16721","Clerk index metadata verified; document terms and payment chain require document-level review."
"FY2025-26",,"Renewals/Extensions/Amendments","2025-11-21","2019/2020-113 AM8","TYLER TECHNOLOGIES - SERVICE AGREEMENT","Tyler Technologies","Software/SaaS/Subscriptions/IT",,"CLERK INDEX METADATA ONLY",,"NEEDS VERIFICATION","NEEDS VERIFICATION","NEEDS VERIFICATION","FOUND","MISSING","MISSING","MISSING",,,,"2019/2020-113","https://dmcc.clayclerk.com/Documents/Download/16668","Clerk index metadata verified; document terms and payment chain require document-level review."
"FY2025-26",,"Renewals/Extensions/Amendments","2025-11-21","2021/2022-198 AM4","FOURTH AMENDMENT TO AGREEMENT FOR PROFESSIONAL ENGINEERING SERVICES FOR STORMWATER MODELING AND VULNERABILITY ASSESSMENT - JONES EDMUNDS STORMWATER UTILITY ANALYSIS","JONES EDMUNDS STORMWATER UTILITY ANALYSIS","Stormwater/Drainage",,"CLERK INDEX METADATA ONLY",,"NEEDS VERIFICATION","NEEDS VERIFICATION","NEEDS VERIFICATION","FOUND","MISSING","MISSING","MISSING",,,,"2021/2022-198","https://dmcc.clayclerk.com/Documents/Download/16660","Clerk index metadata verified; document terms and payment chain require document-level review."
"FY2025-26",,"Agreement/Contract","2025-11-21","2025/2026-0045","AGREEMENT FOR WASTE TIRE DISPOSAL SERVICES - WASTE TIRE DISPOSAL - PUTNAM COUNTY","PUTNAM COUNTY","Environmental/Mosquito",,"CLERK INDEX METADATA ONLY",,"NEEDS VERIFICATION","NEEDS VERIFICATION","FOUND","N/A","MISSING","MISSING","MISSING",,,,,"https://dmcc.clayclerk.com/Documents/Download/16667","Clerk index metadata verified; document terms and payment chain require document-level review."
"FY2025-26",,"Renewals/Extensions/Amendments","2025-11-25","2020/2021-91 RN1","WORKDAY AGREEMENT","Workday","Software/SaaS/Subscriptions/IT",,"CLERK INDEX METADATA ONLY",,"NEEDS VERIFICATION","NEEDS VERIFICATION","NEEDS VERIFICATION","FOUND","MISSING","MISSING","MISSING",,,,"2020/2021-91","https://dmcc.clayclerk.com/Documents/Download/16734","Clerk index metadata verified; document terms and payment chain require document-level review."
"FY2025-26",,"Renewals/Extensions/Amendments","2025-11-25","2021/2022-198 AM5","FIFTH AMENDMENT TO AGREEMENT FOR PROFESSIONAL ENGINEERING SERVICES FOR STORMWATER MODELING AND VULNERABILITY ASSESSMENT - JONES EDMUNDS ADAPTATION PLAN","JONES EDMUNDS ADAPTATION PLAN","Stormwater/Drainage",,"CLERK INDEX METADATA ONLY",,"NEEDS VERIFICATION","NEEDS VERIFICATION","NEEDS VERIFICATION","FOUND","MISSING","MISSING","MISSING",,,,"2021/2022-198","https://dmcc.clayclerk.com/Documents/Download/16704","Clerk index metadata verified; document terms and payment chain require document-level review."
"FY2025-26",,"Renewals/Extensions/Amendments","2025-11-25","2022/2023-255 MOD2","MODIFICATION TO SUBGRANT AGREEMENT BETWEEN THE DIVISION OF EMERGENCY MANAGEMENT AND CLAY COUNTY - FDEM HMGP",,"Public Safety",,"CLERK INDEX METADATA ONLY",,"N/A","N/A","NEEDS VERIFICATION","FOUND","N/A","N/A","N/A",,,,"2022/2023-255","https://dmcc.clayclerk.com/Documents/Download/16733","Clerk index metadata verified; document terms and payment chain require document-level review."
"FY2025-26",,"Renewals/Extensions/Amendments","2025-11-25","2024/2025-68 AM1","STRYKER PREVENTATIVE MAINTENANCE - STRYKER PRO CARE","STRYKER PRO CARE","Equipment/Fleet",,"CLERK INDEX METADATA ONLY",,"NEEDS VERIFICATION","NEEDS VERIFICATION","NEEDS VERIFICATION","FOUND","MISSING","MISSING","MISSING",,,,"2024/2025-68","https://dmcc.clayclerk.com/Documents/Download/16711","Clerk index metadata verified; document terms and payment chain require document-level review."
"FY2025-26",,"Agreement/Contract","2025-11-25","2025/2026-0004","TOURIST DEVELOPMENT COUNCIL SIGNATURE EVENT MARKETING GRANT FUNDING AGREEMENT - TOWN OF ORANGE PARK",,"Grants/Interlocal Agreements",,"CLERK INDEX METADATA ONLY",,"N/A","N/A","FOUND","N/A","N/A","N/A","N/A",,,,,"https://dmcc.clayclerk.com/Documents/Download/16654","Clerk index metadata verified; document terms and payment chain require document-level review."
"FY2025-26",,"Agreement/Contract","2025-11-25","2025/2026-0046","ESC19 INTERLOCAL CONTRACT COOPERATIVE PURCHASING AGREEMENT ESC19 EDUCATION SERVICE CENTER",,"Grants/Interlocal Agreements",,"CLERK INDEX METADATA ONLY",,"N/A","N/A","FOUND","N/A","N/A","N/A","N/A",,,,,"https://dmcc.clayclerk.com/Documents/Download/16653","Clerk index metadata verified; document terms and payment chain require document-level review."
"FY2025-26",,"Renewals/Extensions/Amendments","2025-12-04","2022/2023-108 AM2","SECOND AMENDMENT TO AGREEMENT FOR PROFESSIONAL DESIGN SERVICES FOR CLAY COUNTY BUILDING/ECONOMIC DEVELOPMENT SERVICES FACILITY - WALKER ARCHITECTS","WALKER ARCHITECTS","Engineering & Professional Services","Architecture & Design","CLERK INDEX METADATA ONLY",,"NEEDS VERIFICATION","NEEDS VERIFICATION","NEEDS VERIFICATION","FOUND","MISSING","MISSING","MISSING",,,,"2022/2023-108","https://dmcc.clayclerk.com/Documents/Download/16759","Clerk index metadata verified; document terms and payment chain require document-level review."
"FY2025-26",,"Renewals/Extensions/Amendments","2025-12-04","2023/2024-212 AM1","AMENDMENT NUMBER 1 TO CONTRACT FM912 BETWEEN THE DEPARTMENT OF FINANCIAL SERVICES AND BoCC - GRANT AGREEMENT FS20",,"Grants/Interlocal Agreements",,"CLERK INDEX METADATA ONLY",,"N/A","N/A","NEEDS VERIFICATION","FOUND","N/A","N/A","N/A",,,,"2023/2024-212","https://dmcc.clayclerk.com/Documents/Download/16710","Clerk index metadata verified; document terms and payment chain require document-level review."
"FY2025-26",,"Agreement/Contract","2025-12-04","2025/2026-0047","AGREEMENT FOR SECURITY GATE AND CARD READERS FOR THE CLAY COUNTY JAIL - MILLER ELECTRIC","MILLER ELECTRIC","Sheriff/Jail",,"CLERK INDEX METADATA ONLY",,"NEEDS VERIFICATION","NEEDS VERIFICATION","FOUND","N/A","MISSING","MISSING","MISSING",,,,,"https://dmcc.clayclerk.com/Documents/Download/16709","Clerk index metadata verified; document terms and payment chain require document-level review."
"FY2025-26",,"Agreement/Contract","2025-12-04","2025/2026-0048","AGREEMENT FOR FIRE STATION NO. 24 SITE CLEARING SERVICES - CONNOR CONSTRUCTION","CONNOR CONSTRUCTION","Fire/EMS",,"CLERK INDEX METADATA ONLY",,"NEEDS VERIFICATION","NEEDS VERIFICATION","FOUND","N/A","MISSING","MISSING","MISSING",,,,,"https://dmcc.clayclerk.com/Documents/Download/16708","Clerk index metadata verified; document terms and payment chain require document-level review."
"FY2025-26",,"Renewals/Extensions/Amendments","2025-12-08","2024/2025-286 AM1","FIRST AMENDMENT TO AGREEMENT FOR COMMUNITY DEVELOPMENT BLOCK GRANT (CDBG) HOUSING REHABILITATION - 3647 CALVADOS AVENUE - HORNE","HORNE","Grants/Interlocal Agreements",,"CLERK INDEX METADATA ONLY",,"NEEDS VERIFICATION","NEEDS VERIFICATION","NEEDS VERIFICATION","FOUND","MISSING","MISSING","MISSING",,,,"2024/2025-286","https://dmcc.clayclerk.com/Documents/Download/16712","Clerk index metadata verified; document terms and payment chain require document-level review."
"FY2025-26",,"Agreement/Contract","2025-12-08","2025/2026-0052","AVAAP AMS LIFELINE SUPPORT","Avaap","Software/SaaS/Subscriptions/IT",,"CLERK INDEX METADATA ONLY",,"NEEDS VERIFICATION","NEEDS VERIFICATION","FOUND","N/A","MISSING","MISSING","MISSING",,,,,"https://dmcc.clayclerk.com/Documents/Download/16714","Clerk index metadata verified; document terms and payment chain require document-level review."
"FY2025-26",,"Agreement/Contract","2025-12-09","2025/2026-0049","FDLE JAG DRUG REDUCTION AWARD",,"Public Safety",,"CLERK INDEX METADATA ONLY",,"N/A","N/A","FOUND","N/A","N/A","N/A","N/A",,,,,"https://dmcc.clayclerk.com/Documents/Download/16725","Clerk index metadata verified; document terms and payment chain require document-level review."
"FY2025-26",,"Agreement/Contract","2025-12-09","2025/2026-0051","APCO INTELLICOM SOFTWARE GUIDECARD SYSTEM","APCO International","Software/SaaS/Subscriptions/IT",,"CLERK INDEX METADATA ONLY",,"NEEDS VERIFICATION","NEEDS VERIFICATION","FOUND","N/A","MISSING","MISSING","MISSING",,,,,"https://dmcc.clayclerk.com/Documents/Download/16716","Clerk index metadata verified; document terms and payment chain require document-level review."
"FY2025-26",,"Agreement/Contract","2025-12-09","2025/2026-0056","TOURIST DEVELOPMENT COUNCIL PRODUCT DEVELOPMENT GRANT AGREEMENT - SAILFORTH, LLC. DBA SAILFORTH PRODUCTIONS",,"Grants/Interlocal Agreements",,"CLERK INDEX METADATA ONLY",,"N/A","N/A","FOUND","N/A","N/A","N/A","N/A",,,,,"https://dmcc.clayclerk.com/Documents/Download/16742","Clerk index metadata verified; document terms and payment chain require document-level review."
"FY2025-26",,"Agreement/Contract","2025-12-09","2025/2026-0057","TOURIST DEVELOPMENT COUNCIL PRODUCT DEVELOPMENT GRANT AGREEMENT - MINOR LEAGUE GOLF, LLC",,"Grants/Interlocal Agreements",,"CLERK INDEX METADATA ONLY",,"N/A","N/A","FOUND","N/A","N/A","N/A","N/A",,,,,"https://dmcc.clayclerk.com/Documents/Download/16743","Clerk index metadata verified; document terms and payment chain require document-level review."
"FY2025-26",,"Renewals/Extensions/Amendments","2025-12-12","2023/2024-82 RN1","FIRST RENEWAL TO AGREEMENT FOR GUARDRAIL REPAIR, INSTALLATION AND REPLACEMENT CONTINUING SERVICES - ACME BARRICADES - GUARDRAIL REPAIR","GUARDRAIL REPAIR","Roads/Transportation",,"CLERK INDEX METADATA ONLY",,"NEEDS VERIFICATION","NEEDS VERIFICATION","NEEDS VERIFICATION","FOUND","MISSING","MISSING","MISSING",,,,"2023/2024-82","https://dmcc.clayclerk.com/Documents/Download/16782","Clerk index metadata verified; document terms and payment chain require document-level review."
"FY2025-26",,"Agreement/Contract","2025-12-12","2025/2026-0050","AGREEMENT FOR FULL COST ALLOCATION PLAN FOR CLAY COUNTY- MAGUIRE ASSOCIATION",,"Community/Nonprofit Agreements",,"CLERK INDEX METADATA ONLY",,"N/A","N/A","FOUND","N/A","N/A","N/A","N/A",,,,,"https://dmcc.clayclerk.com/Documents/Download/16715","Clerk index metadata verified; document terms and payment chain require document-level review."
"FY2025-26",,"Agreement/Contract","2025-12-16","2025/2026-0053","AGREEMENT FOR OLD JENNINGS AND LONG BAY TRAFFIC SIGNAL AND INTERSECTION IMPROVEMENTS - CHINCHOR ELECTRIC","CHINCHOR ELECTRIC","Roads/Transportation",,"CLERK INDEX METADATA ONLY",,"NEEDS VERIFICATION","NEEDS VERIFICATION","FOUND","N/A","MISSING","MISSING","MISSING",,,,,"https://dmcc.clayclerk.com/Documents/Download/16730","Clerk index metadata verified; document terms and payment chain require document-level review."
"FY2025-26",,"Agreement/Contract","2025-12-16","2025/2026-0054","AGREEMENT FOR UNINTERRUPTIBLE POWER SUPPLY (UPS) SYSTEM AT THE CLAY COUNTY COURTHOUSE - SANTA FE POWER SOLUTIONS","SANTA FE POWER SOLUTIONS","Equipment/Fleet",,"CLERK INDEX METADATA ONLY",,"NEEDS VERIFICATION","NEEDS VERIFICATION","FOUND","N/A","MISSING","MISSING","MISSING",,,,,"https://dmcc.clayclerk.com/Documents/Download/16729","Clerk index metadata verified; document terms and payment chain require document-level review."
"FY2025-26",,"Renewals/Extensions/Amendments","2025-12-17","2020/2021-247 RN2","KULTURE CITY - LIBRARIES","LIBRARIES","Libraries/Media",,"CLERK INDEX METADATA ONLY",,"NEEDS VERIFICATION","NEEDS VERIFICATION","NEEDS VERIFICATION","FOUND","MISSING","MISSING","MISSING",,,,"2020/2021-247","https://dmcc.clayclerk.com/Documents/Download/16731","Clerk index metadata verified; document terms and payment chain require document-level review."
"FY2025-26",,"Renewals/Extensions/Amendments","2025-12-19","2024/2025-41 AM2","SECOND AMENDMENT TO AGREEMENT FOR CR 220 WIDENING – PHASE 2 - REEVES CONSTRUCTION","REEVES CONSTRUCTION","Roads/Transportation",,"CLERK INDEX METADATA ONLY",,"NEEDS VERIFICATION","NEEDS VERIFICATION","NEEDS VERIFICATION","FOUND","MISSING","MISSING","MISSING",,,,"2024/2025-41","https://dmcc.clayclerk.com/Documents/Download/16778","Clerk index metadata verified; document terms and payment chain require document-level review."
"FY2025-26",,"Renewals/Extensions/Amendments","2025-12-19","2024/2025-94 AM2","SECOND AMENDMENT TO AGREEMENT FOR FIRE AND SECURITY ALARM MONITORING, INSPECTIONS, REPAIR AND MAINTENANCE - VILLAGE KEY ALARM","VILLAGE KEY ALARM","Fire/EMS",,"CLERK INDEX METADATA ONLY",,"NEEDS VERIFICATION","NEEDS VERIFICATION","NEEDS VERIFICATION","FOUND","MISSING","MISSING","MISSING",,,,"2024/2025-94","https://dmcc.clayclerk.com/Documents/Download/16739","Clerk index metadata verified; document terms and payment chain require document-level review."
"FY2025-26",,"Agreement/Contract","2025-12-19","2025/2026-0058","TOURIST DEVELOPMENT COUNCIL SPORTS EVENT GRANT FUNDING AGREEMENT - HAOLENAUT SPORTS",,"Grants/Interlocal Agreements",,"CLERK INDEX METADATA ONLY",,"N/A","N/A","FOUND","N/A","N/A","N/A","N/A",,,,,"https://dmcc.clayclerk.com/Documents/Download/16740","Clerk index metadata verified; document terms and payment chain require document-level review."
"FY2025-26",,"Agreement/Contract","2025-12-19","2025/2026-0059","TOURIST DEVELOPMENT COUNCIL SPORTS EVENT GRANT FUNDING AGREEMENT - JACKSONVILLE SCOTTISH HIGHLAND GAMES, INC.",,"Grants/Interlocal Agreements",,"CLERK INDEX METADATA ONLY",,"N/A","N/A","FOUND","N/A","N/A","N/A","N/A",,,,,"https://dmcc.clayclerk.com/Documents/Download/16744","Clerk index metadata verified; document terms and payment chain require document-level review."
"FY2025-26",,"Agreement/Contract","2025-12-22","2025/2026-0060","AGREEMENT FOR COMMUNITY DEVELOPMENT BLOCK GRANT (CDBG) - HOUSING REHABILITATION - 4087 PINTO ROAD - MARY ELLEN ARCHER - DAYMON WELL DRILLING","DAYMON WELL DRILLING","Roads/Transportation",,"CLERK INDEX METADATA ONLY",,"NEEDS VERIFICATION","NEEDS VERIFICATION","FOUND","N/A","MISSING","MISSING","MISSING",,,,,"https://dmcc.clayclerk.com/Documents/Download/16738","Clerk index metadata verified; document terms and payment chain require document-level review."
"FY2025-26",,"Renewals/Extensions/Amendments","2025-12-23","2022/2023-71 RN1","FIRST RENEWAL AND AMENDMENT TO AGREEMENT FOR INSPECTION OF COUNTY OWNED WATER TREATMENT FACILITIES - TWO FOLD WATER","TWO FOLD WATER","Utilities",,"CLERK INDEX METADATA ONLY",,"NEEDS VERIFICATION","NEEDS VERIFICATION","NEEDS VERIFICATION","FOUND","MISSING","MISSING","MISSING",,,,"2022/2023-71","https://dmcc.clayclerk.com/Documents/Download/16747","Clerk index metadata verified; document terms and payment chain require document-level review."
"FY2025-26",,"Agreement/Contract","2025-12-23","2025/2026-0061","ADOPT-A-MILE/SPOT PROGRAM LITTER REMOVAL AGREEMENT - SOVEREIGN SAVAGE GROUP",,"Community/Nonprofit Agreements",,"CLERK INDEX METADATA ONLY",,"N/A","N/A","FOUND","N/A","N/A","N/A","N/A",,,,,"https://dmcc.clayclerk.com/Documents/Download/16737","Clerk index metadata verified; document terms and payment chain require document-level review."
"FY2025-26",,"Agreement/Contract","2025-12-23","2025/2026-0062","ADOPT-A-MILE/SPOT PROGRAM LITTER REMOVAL - KENNETH ASHEDUENAS - GROUP",,"Community/Nonprofit Agreements",,"CLERK INDEX METADATA ONLY",,"N/A","N/A","FOUND","N/A","N/A","N/A","N/A",,,,,"https://dmcc.clayclerk.com/Documents/Download/16732","Clerk index metadata verified; document terms and payment chain require document-level review."
"FY2025-26",,"Agreement/Contract","2025-12-23","2025/2026-0064","ADOPT-A-MILE/SPOT PROGRAM LITTER REMOVAL AGREEMENT - ADAMS VETERAN CLEAN TEAM",,"Community/Nonprofit Agreements",,"CLERK INDEX METADATA ONLY",,"N/A","N/A","FOUND","N/A","N/A","N/A","N/A",,,,,"https://dmcc.clayclerk.com/Documents/Download/16735","Clerk index metadata verified; document terms and payment chain require document-level review."
"FY2025-26",,"Agreement/Contract","2025-12-23","2025/2026-0065","ADOPT-A-MILE/SPOT PROGRAM LITTER REMOVAL AGREEMENT - DOVETAIL PERMIT SERVICES",,"Community/Nonprofit Agreements",,"CLERK INDEX METADATA ONLY",,"N/A","N/A","FOUND","N/A","N/A","N/A","N/A",,,,,"https://dmcc.clayclerk.com/Documents/Download/16736","Clerk index metadata verified; document terms and payment chain require document-level review."
"FY2025-26",,"Agreement/Contract","2025-12-23","2025/2026-0066","ADOPT-A-MILE/SPOT PROGRAM LITTER REMOVAL AGREEMENT - GAMMA LAMBDA EPSILON SORORITY",,"Community/Nonprofit Agreements",,"CLERK INDEX METADATA ONLY",,"N/A","N/A","FOUND","N/A","N/A","N/A","N/A",,,,,"https://dmcc.clayclerk.com/Documents/Download/16775","Clerk index metadata verified; document terms and payment chain require document-level review."
"FY2025-26",,"Agreement/Contract","2025-12-23","2025/2026-55","CLIENT AGREEEMENT - STEALTH PARTNER GROUP - STOP LOSS","STOP LOSS","Insurance/Benefits",,"CLERK INDEX METADATA ONLY",,"NEEDS VERIFICATION","NEEDS VERIFICATION","FOUND","N/A","MISSING","MISSING","MISSING",,,,,"https://dmcc.clayclerk.com/Documents/Download/18823","Clerk index metadata verified; document terms and payment chain require document-level review."
"FY2025-26",,"Agreement/Contract","2025-12-29","2025/2026-0063","ADOPT-A-MILE/SPOT PROGRAM LITTER REMOVAL AGREEMENT - MIDDLEBURG HIGH SCHOOL NJROTC",,"Community/Nonprofit Agreements",,"CLERK INDEX METADATA ONLY",,"N/A","N/A","FOUND","N/A","N/A","N/A","N/A",,,,,"https://dmcc.clayclerk.com/Documents/Download/16760","Clerk index metadata verified; document terms and payment chain require document-level review."
"FY2025-26",,"Agreement/Contract","2026-01-01","2025/2026-0125","AGREEMENT FOR CONSULTING SERVICES - SIMPLE GRANTS - GRANT RESEARCH - WRITING - MANAGEMENT","MANAGEMENT","Grants/Interlocal Agreements",,"CLERK INDEX METADATA ONLY",,"NEEDS VERIFICATION","NEEDS VERIFICATION","FOUND","N/A","MISSING","MISSING","MISSING",,,,,"https://dmcc.clayclerk.com/Documents/Download/18587","Clerk index metadata verified; document terms and payment chain require document-level review."
"FY2025-26",,"Renewals/Extensions/Amendments","2026-01-05","2021/2022-45 RN4","CLAY COUNTY AGREEMENT/CONTRACT #2021/2022-45 RN4 FOURTH RENEWAL AND THIRD AMENDMENT TO AGREEMENT FOR SERVICES- LOALITY MEDIA",,"Other",,"CLERK INDEX METADATA ONLY",,"N/A","N/A","NEEDS VERIFICATION","FOUND","N/A","N/A","N/A",,,,"2021/2022-45","https://dmcc.clayclerk.com/Documents/Download/16745","Clerk index metadata verified; document terms and payment chain require document-level review."
"FY2025-26",,"Agreement/Contract","2026-01-05","2025/2026-0067","AGREEMENT FOR INSTRUCTOR SERVICES FOR FEMA TRAINING COURSES",,"Training/Education",,"CLERK INDEX METADATA ONLY",,"N/A","N/A","FOUND","N/A","N/A","N/A","N/A",,,,,"https://dmcc.clayclerk.com/Documents/Download/16746","Clerk index metadata verified; document terms and payment chain require document-level review."
"FY2025-26",,"Agreement/Contract","2026-01-06","2025/2026-0068","AGREEMENT FOR AIR HANDLING UNIT AND DUCT CLEANING AND FLEX DUCT CONNECTOR INSTALLATION AT THE CLAY COUNTY COURTHOUSE - AQS Florida","AQS Florida","Construction/Repairs/Facilities",,"CLERK INDEX METADATA ONLY",,"NEEDS VERIFICATION","NEEDS VERIFICATION","FOUND","N/A","MISSING","MISSING","MISSING",,,,,"https://dmcc.clayclerk.com/Documents/Download/16748","Clerk index metadata verified; document terms and payment chain require document-level review."
"FY2025-26",,"Agreement/Contract","2026-01-08","2025/2026-0071","AGREEMENT FOR 10-TON HEAT PUMP SYSTEM REPLACEMENT AT THE ORANGE PARK SENIOR CENTER - CARRIER","CARRIER","Construction/Repairs/Facilities",,"CLERK INDEX METADATA ONLY",,"NEEDS VERIFICATION","NEEDS VERIFICATION","FOUND","N/A","MISSING","MISSING","MISSING",,,,,"https://dmcc.clayclerk.com/Documents/Download/16749","Clerk index metadata verified; document terms and payment chain require document-level review."
"FY2025-26",,"Renewals/Extensions/Amendments","2026-01-12","2024/2025-254 AM1","FIRST AMENDMENT TO AGREEMENT FOR SHERIFF’S OFFICE MIDDLEBURG SUBSTATION REPLACEMENT LIFT STATION - KENT BROTHERS","KENT BROTHERS","Sheriff/Jail",,"CLERK INDEX METADATA ONLY",,"NEEDS VERIFICATION","NEEDS VERIFICATION","NEEDS VERIFICATION","FOUND","MISSING","MISSING","MISSING",,,,"2024/2025-254","https://dmcc.clayclerk.com/Documents/Download/16751","Clerk index metadata verified; document terms and payment chain require document-level review."
"FY2025-26",,"Agreement/Contract","2026-01-12","2025/2026-0070","AGREEMENT FOR CHILLER REPLACEMENT AT THE CLAY COUNTY EMERGENCY OPERATIONS CENTER - CARRIER","CARRIER","Public Safety",,"CLERK INDEX METADATA ONLY",,"NEEDS VERIFICATION","NEEDS VERIFICATION","FOUND","N/A","MISSING","MISSING","MISSING",,,,,"https://dmcc.clayclerk.com/Documents/Download/16750","Clerk index metadata verified; document terms and payment chain require document-level review."
"FY2025-26",,"Agreement/Contract","2026-01-12","2025/2026-0072","Northeast Florida Regional Council ReGrant Agreement",,"Grants/Interlocal Agreements",,"CLERK INDEX METADATA ONLY",,"N/A","N/A","FOUND","N/A","N/A","N/A","N/A",,,,,"https://dmcc.clayclerk.com/Documents/Download/16753","Clerk index metadata verified; document terms and payment chain require document-level review."
"FY2025-26",,"Renewals/Extensions/Amendments","2026-01-13","2021/2022-138 AM2","SECOND AMENDMENT TO MOBILITY FEE CREDIT AGREEMENT - FCC (PCI) PETERS CREEK",,"Land/Leases/Real Estate",,"CLERK INDEX METADATA ONLY",,"N/A","N/A","NEEDS VERIFICATION","FOUND","N/A","N/A","N/A",,,,"2021/2022-138","https://dmcc.clayclerk.com/Documents/Download/16787","Clerk index metadata verified; document terms and payment chain require document-level review."
"FY2025-26",,"Renewals/Extensions/Amendments","2026-01-13","2021/2022-139 AM2","SECOND AMENDMENT TO MOBILITY FEE CREDIT AGREEMENT - CATHEDRAL OAKS",,"Land/Leases/Real Estate",,"CLERK INDEX METADATA ONLY",,"N/A","N/A","NEEDS VERIFICATION","FOUND","N/A","N/A","N/A",,,,"2021/2022-139","https://dmcc.clayclerk.com/Documents/Download/16786","Clerk index metadata verified; document terms and payment chain require document-level review."
"FY2025-26",,"Agreement/Contract","2026-01-13","2025/2026-0073","AGREEMENT FOR OMEGA PARK CCUA CONNECTION ADVANTAGE CONTRACTING GROUP",,"Utilities",,"CLERK INDEX METADATA ONLY",,"N/A","N/A","FOUND","N/A","N/A","N/A","N/A",,,,,"https://dmcc.clayclerk.com/Documents/Download/16752","Clerk index metadata verified; document terms and payment chain require document-level review."
"FY2025-26",,"Agreement/Contract","2026-01-13","2025/2026-0076","ASPCA - CLAY COUNTY ANIMAL CARE AND CONTROL","CLAY COUNTY ANIMAL CARE AND CONTROL","Community/Nonprofit Agreements",,"CLERK INDEX METADATA ONLY",,"NEEDS VERIFICATION","NEEDS VERIFICATION","FOUND","N/A","MISSING","MISSING","MISSING",,,,,"https://dmcc.clayclerk.com/Documents/Download/16757","Clerk index metadata verified; document terms and payment chain require document-level review."
"FY2025-26",,"Agreement/Contract","2026-01-13","2025/2026-0078","AGREEMENT FOR CONSERVATION AND LAND MANAGEMENT SERVICES - CONSERVATION LAND MANAGEMENT SERVICES",,"Environmental/Mosquito",,"CLERK INDEX METADATA ONLY",,"N/A","N/A","FOUND","N/A","N/A","N/A","N/A",,,,,"https://dmcc.clayclerk.com/Documents/Download/16788","Clerk index metadata verified; document terms and payment chain require document-level review."
"FY2025-26",,"Agreement/Contract","2026-01-13","2025/2026-0080","NAMING RIGHTS SPONSORSHIP AGREEMENT HCA FLORIDA ORANGE PARK HOSPITAL",,"Parks/Recreation",,"CLERK INDEX METADATA ONLY",,"N/A","N/A","FOUND","N/A","N/A","N/A","N/A",,,,,"https://dmcc.clayclerk.com/Documents/Download/16773","Clerk index metadata verified; document terms and payment chain require document-level review."
"FY2025-26",,"Agreement/Contract","2026-01-13","2025/2026-0082","GRANT AGREEMENT DFS HAZMAT SUSTAINMENT - FL DEPT OF FL SRVS",,"Fire/EMS",,"CLERK INDEX METADATA ONLY",,"N/A","N/A","FOUND","N/A","N/A","N/A","N/A",,,,,"https://dmcc.clayclerk.com/Documents/Download/17591","Clerk index metadata verified; document terms and payment chain require document-level review."
"FY2025-26",,"Agreement/Contract","2026-01-14","2025/2026-0074","LEASE AGREEMENT - SUPERVISOR OF ELECTIONS - VOTINGLOCATION",,"Land/Leases/Real Estate",,"CLERK INDEX METADATA ONLY",,"N/A","N/A","FOUND","N/A","N/A","N/A","N/A",,,,,"https://dmcc.clayclerk.com/Documents/Download/16756","Clerk index metadata verified; document terms and payment chain require document-level review."
"FY2025-26",,"Agreement/Contract","2026-01-14","2025/2026-0077","U.S. DEPARTMENT OF HOUSING AND URBAN DEVELOPMENT - US HUD CDBG GRANT AGREEMENT",,"Grants/Interlocal Agreements",,"CLERK INDEX METADATA ONLY",,"N/A","N/A","FOUND","N/A","N/A","N/A","N/A",,,,,"https://dmcc.clayclerk.com/Documents/Download/16785","Clerk index metadata verified; document terms and payment chain require document-level review."
"FY2025-26",,"Renewals/Extensions/Amendments","2026-01-16","2018/2019-141 EXT4","FOURTH EXTENSION TO LEASE AGREEMENT - EAGLE HARBOR PARK - CROSSINS AT FLEMING ISLAND CDD LEASE AGREEMENT","CROSSINS AT FLEMING ISLAND CDD LEASE AGREEMENT","Parks/Recreation",,"CLERK INDEX METADATA ONLY",,"NEEDS VERIFICATION","NEEDS VERIFICATION","NEEDS VERIFICATION","FOUND","MISSING","MISSING","MISSING",,,,"2018/2019-141","https://dmcc.clayclerk.com/Documents/Download/16762","Clerk index metadata verified; document terms and payment chain require document-level review."
"FY2025-26",,"Agreement/Contract","2026-01-16","2025/2026-0083","AGREEMENT FOR CONSTRUCTION OF RADAR ROAD - DB CIVI LCONSTRUCTION","DB CIVI LCONSTRUCTION","Roads/Transportation",,"CLERK INDEX METADATA ONLY",,"NEEDS VERIFICATION","NEEDS VERIFICATION","FOUND","N/A","MISSING","MISSING","MISSING",,,,,"https://dmcc.clayclerk.com/Documents/Download/16754","Clerk index metadata verified; document terms and payment chain require document-level review."
"FY2025-26",,"Agreement/Contract","2026-01-22","2025/2026-0085","AGREEMENT FOR THE PURCHASE AND INSTALLATION OF FURNITURE AT THE CLAY COUNTY BUILDING/ECONOMIC DEVELOPMENT SERVICES FACILITY - PERDUE INC.","PERDUE INC.","Construction/Repairs/Facilities",,"CLERK INDEX METADATA ONLY",,"NEEDS VERIFICATION","NEEDS VERIFICATION","FOUND","N/A","MISSING","MISSING","MISSING",,,,,"https://dmcc.clayclerk.com/Documents/Download/16763","Clerk index metadata verified; document terms and payment chain require document-level review."
"FY2025-26",,"Renewals/Extensions/Amendments","2026-01-27","2022/2023-279 RN2","SECOND RENEWAL OF FRANCHISE AGREEMENT FOR CONTAINER SERVICE - GRAMBOS ROLL OFF AND WASTE, LLC","GRAMBOS ROLL OFF AND WASTE, LLC","Solid Waste/Franchises",,"CLERK INDEX METADATA ONLY",,"NEEDS VERIFICATION","NEEDS VERIFICATION","NEEDS VERIFICATION","FOUND","MISSING","MISSING","MISSING",,,,"2022/2023-279","https://dmcc.clayclerk.com/Documents/Download/16797","Clerk index metadata verified; document terms and payment chain require document-level review."
"FY2025-26",,"Agreement/Contract","2026-01-27","2022/2023-280 AN2","SECOND RENEWAL OF FRANCHISE AGREEMENT FOR CONTAINER SERVICE - CW DUMPSTERS, LLC","CW DUMPSTERS, LLC","Solid Waste/Franchises",,"CLERK INDEX METADATA ONLY",,"NEEDS VERIFICATION","NEEDS VERIFICATION","FOUND","N/A","MISSING","MISSING","MISSING",,,,,"https://dmcc.clayclerk.com/Documents/Download/16813","Clerk index metadata verified; document terms and payment chain require document-level review."
"FY2025-26",,"Renewals/Extensions/Amendments","2026-01-27","2022/2023-284 RN2","SECOND RENEWAL OF FRANCHISE AGREEMENT FOR CONTAINER SERVICE - CHUBECK ENTERPRISES INC DBA DUMPSTER DUDEZ","CHUBECK ENTERPRISES INC DBA DUMPSTER DUDEZ","Solid Waste/Franchises",,"CLERK INDEX METADATA ONLY",,"NEEDS VERIFICATION","NEEDS VERIFICATION","NEEDS VERIFICATION","FOUND","MISSING","MISSING","MISSING",,,,"2022/2023-284","https://dmcc.clayclerk.com/Documents/Download/16795","Clerk index metadata verified; document terms and payment chain require document-level review."
"FY2025-26",,"Agreement/Contract","2026-01-27","2025/2026-0087","FRANCHISE AGREEMENT FOR CONTAINER SERVICE - DOUBLE D'S DUMPSTERS","DOUBLE D'S DUMPSTERS","Solid Waste/Franchises",,"CLERK INDEX METADATA ONLY",,"NEEDS VERIFICATION","NEEDS VERIFICATION","FOUND","N/A","MISSING","MISSING","MISSING",,,,,"https://dmcc.clayclerk.com/Documents/Download/16794","Clerk index metadata verified; document terms and payment chain require document-level review."
"FY2025-26",,"Agreement/Contract","2026-01-27","2025/2026-0088","AGREEMENT FOR PHASE 1 PRECONSTRUCTION - CONSTRUCTION MANAGER AT RISK (CMAR) SERVICES FOR THE SUBSTANCE USE DISORDER RECOVERY CENTER - E VAUGHN RIVERS","E VAUGHN RIVERS","Health/Human Services",,"CLERK INDEX METADATA ONLY",,"NEEDS VERIFICATION","NEEDS VERIFICATION","FOUND","N/A","MISSING","MISSING","MISSING",,,,,"https://dmcc.clayclerk.com/Documents/Download/16796","Clerk index metadata verified; document terms and payment chain require document-level review."
"FY2025-26",,"Renewals/Extensions/Amendments","2026-01-30","2024/2025-30 AM2","SECOND AMENDMENT TO AGREEMENT FOR CR 220 WIDENING – PHASE 1 - KIRBY","KIRBY","Roads/Transportation",,"CLERK INDEX METADATA ONLY",,"NEEDS VERIFICATION","NEEDS VERIFICATION","NEEDS VERIFICATION","FOUND","MISSING","MISSING","MISSING",,,,"2024/2025-30","https://dmcc.clayclerk.com/Documents/Download/16810","Clerk index metadata verified; document terms and payment chain require document-level review."
"FY2025-26",,"Agreement/Contract","2026-01-30","2025/2026-79","FLORIDA DEPARTMENT OF ELDER AFFAIRS - ORANGE PARK SENIOR CENTER","ORANGE PARK SENIOR CENTER","Health/Human Services",,"CLERK INDEX METADATA ONLY",,"NEEDS VERIFICATION","NEEDS VERIFICATION","FOUND","N/A","MISSING","MISSING","MISSING",,,,,"https://dmcc.clayclerk.com/Documents/Download/18829","Clerk index metadata verified; document terms and payment chain require document-level review."
"FY2025-26",,"Agreement/Contract","2026-01-30","2025/2026-89","FEDERALLY FUNDED SUBAWARD AND GRANT AGREEMENT - EMPG",,"Grants/Interlocal Agreements",,"CLERK INDEX METADATA ONLY",,"N/A","N/A","FOUND","N/A","N/A","N/A","N/A",,,,,"https://dmcc.clayclerk.com/Documents/Download/18828","Clerk index metadata verified; document terms and payment chain require document-level review."
"FY2025-26",,"Renewals/Extensions/Amendments","2026-02-04","2021/2022-98 RN2","SECOND RENEWAL AND AMENDMENT TO AGREEMENT FOR PROFESSIONAL ARCHITECTURAL SERVICES FOR PUBLIC SAFETY FACILITIES - DASHER HURST ARCHITECTURAL SERVICES",,"Public Safety",,"CLERK INDEX METADATA ONLY",,"N/A","N/A","NEEDS VERIFICATION","FOUND","N/A","N/A","N/A",,,,"2021/2022-98","https://dmcc.clayclerk.com/Documents/Download/16800","Clerk index metadata verified; document terms and payment chain require document-level review."
"FY2025-26",,"Renewals/Extensions/Amendments","2026-02-04","2022/2023-86 RN4","MONDAY.COM SALES ORDER",,"Software/SaaS/Subscriptions/IT",,"CLERK INDEX METADATA ONLY",,"N/A","N/A","NEEDS VERIFICATION","FOUND","N/A","N/A","N/A",,,,"2022/2023-86","https://dmcc.clayclerk.com/Documents/Download/16799","Clerk index metadata verified; document terms and payment chain require document-level review."
"FY2025-26",,"Renewals/Extensions/Amendments","2026-02-04","2024/2025-124 RN1","FIRST RENEWAL TO AGREEMENT FOR ANNUAL TREE REMOVAL AND RELATED SERVICES - AMERICAN TREE SURGEONS - TREE REMOVAL","TREE REMOVAL","Environmental/Mosquito",,"CLERK INDEX METADATA ONLY",,"NEEDS VERIFICATION","NEEDS VERIFICATION","NEEDS VERIFICATION","FOUND","MISSING","MISSING","MISSING",,,,"2024/2025-124","https://dmcc.clayclerk.com/Documents/Download/16798","Clerk index metadata verified; document terms and payment chain require document-level review."
"FY2025-26",,"Renewals/Extensions/Amendments","2026-02-05","2020/2021-97 AM5 RN3","FIFTH AMENDMENT AND THIRD RENEWAL TO AGREEMENT FOR PREVENTATIVE GENERATOR MAINTENANCE - TAW POWER SYSTEMS","TAW POWER SYSTEMS","Fire/EMS",,"CLERK INDEX METADATA ONLY",,"NEEDS VERIFICATION","NEEDS VERIFICATION","NEEDS VERIFICATION","FOUND","MISSING","MISSING","MISSING",,,,"2020/2021-97","https://dmcc.clayclerk.com/Documents/Download/16820","Clerk index metadata verified; document terms and payment chain require document-level review."
"FY2025-26",,"Renewals/Extensions/Amendments","2026-02-05","2023/2024-165 AM3","THIRD AMENDMENT TO PHASE 2 CONSTRUCTION MANAGEMENT AT RISK (CMAR) CONSTRUCTION AGREEMENT FOR PUBLIC SAFETY FACILITIES – CLAY COUNTY FIRE STATION 20 - AJAX","AJAX","Fire/EMS",,"CLERK INDEX METADATA ONLY",,"NEEDS VERIFICATION","NEEDS VERIFICATION","NEEDS VERIFICATION","FOUND","MISSING","MISSING","MISSING",,,,"2023/2024-165","https://dmcc.clayclerk.com/Documents/Download/16808","Clerk index metadata verified; document terms and payment chain require document-level review."
"FY2025-26",,"Renewals/Extensions/Amendments","2026-02-05","2023/2024-256 AM2","SECOND AMENDMENT TO PHASE 2 CONSTRUCTION MANAGEMENT AT RISK (CMAR) CONSTRUCTION AGREEMENT FOR THE CLAY COUNTY BUILDING/ECONOMIC DEVELOPMENT SERVICES FACILITY - SCORPIO","SCORPIO","Construction/Repairs/Facilities",,"CLERK INDEX METADATA ONLY",,"NEEDS VERIFICATION","NEEDS VERIFICATION","NEEDS VERIFICATION","FOUND","MISSING","MISSING","MISSING",,,,"2023/2024-256","https://dmcc.clayclerk.com/Documents/Download/16806","Clerk index metadata verified; document terms and payment chain require document-level review."
"FY2025-26",,"Renewals/Extensions/Amendments","2026-02-05","2024/2025-207 AM1","FIRST AMENDMENT TO COMPREHENSIVE AGREEMENT BETWEEN CLAY COUNTY, FLORIDA AND AND FORTRESS SECURED, LLC - FOR THE DELIVERY OF TWO FIRE STATION FACILITIES - FORTRESS COMPREHENSIVE AGREEMENT","FORTRESS COMPREHENSIVE AGREEMENT","Fire/EMS",,"CLERK INDEX METADATA ONLY",,"NEEDS VERIFICATION","NEEDS VERIFICATION","NEEDS VERIFICATION","FOUND","MISSING","MISSING","MISSING",,,,"2024/2025-207","https://dmcc.clayclerk.com/Documents/Download/16801","Clerk index metadata verified; document terms and payment chain require document-level review."
"FY2025-26",,"Agreement/Contract","2026-02-05","2025/2026-0086","CIVITEK NATIONAL DBA KESTREL GOVERNMENT SOULTIONS","CiviTek / Kestrel Government Solutions","Software/SaaS/Subscriptions/IT",,"CLERK INDEX METADATA ONLY",,"NEEDS VERIFICATION","NEEDS VERIFICATION","FOUND","N/A","MISSING","MISSING","MISSING",,,,,"https://dmcc.clayclerk.com/Documents/Download/16803","Clerk index metadata verified; document terms and payment chain require document-level review."
"FY2025-26",,"Agreement/Contract","2026-02-05","2025/2026-0090","AGREEMENT FOR UNIFORM RENTAL AND CLEANING SERVICES - cintas","cintas","Equipment/Fleet",,"CLERK INDEX METADATA ONLY",,"NEEDS VERIFICATION","NEEDS VERIFICATION","FOUND","N/A","MISSING","MISSING","MISSING",,,,,"https://dmcc.clayclerk.com/Documents/Download/16802","Clerk index metadata verified; document terms and payment chain require document-level review."
"FY2025-26",,"Agreement/Contract","2026-02-05","2025/2026-0091","MOU COMMUNITY PARAMEDICINE PROGRAM - DEPARTMENT OF HEALTH",,"Fire/EMS",,"CLERK INDEX METADATA ONLY",,"N/A","N/A","FOUND","N/A","N/A","N/A","N/A",,,,,"https://dmcc.clayclerk.com/Documents/Download/16804","Clerk index metadata verified; document terms and payment chain require document-level review."
"FY2025-26",,"Agreement/Contract","2026-02-05","2025/2026-0092","MOU DEPARTMENT OF HEALTH - BLOOD STORAGE",,"Health/Human Services",,"CLERK INDEX METADATA ONLY",,"N/A","N/A","FOUND","N/A","N/A","N/A","N/A",,,,,"https://dmcc.clayclerk.com/Documents/Download/16805","Clerk index metadata verified; document terms and payment chain require document-level review."
"FY2025-26",,"Agreement/Contract","2026-02-07","2025/2026-0075","K9S FOR WARRIORS EVENT AGREEMENT - CLAY COUNTY ANIMAL SERVICES",,"Parks/Recreation",,"CLERK INDEX METADATA ONLY",,"N/A","N/A","FOUND","N/A","N/A","N/A","N/A",,,,,"https://dmcc.clayclerk.com/Documents/Download/16784","Clerk index metadata verified; document terms and payment chain require document-level review."
"FY2025-26",,"Renewals/Extensions/Amendments","2026-02-10","2023/2024-119 AM1","FIRST AMENDMENT TO AGREEMENT FOR TRAFFIC COUNTS, CAPACITY TABLE AND MOBILITY FEE STUDIES - GFT INFRASTRUCTURE","GFT INFRASTRUCTURE","Roads/Transportation",,"CLERK INDEX METADATA ONLY",,"NEEDS VERIFICATION","NEEDS VERIFICATION","NEEDS VERIFICATION","FOUND","MISSING","MISSING","MISSING",,,,"2023/2024-119","https://dmcc.clayclerk.com/Documents/Download/16811","Clerk index metadata verified; document terms and payment chain require document-level review."
"FY2025-26",,"Renewals/Extensions/Amendments","2026-02-10","2023/2024-25 AM4","FOURTH AMENDMENT TO PHASE 2 CONSTRUCTION AGREEMENT FOR THE BONDED TRANSPORTATION PROGRAM CMAR GROUP #2, PROJECT 2",,"Roads/Transportation",,"CLERK INDEX METADATA ONLY",,"N/A","N/A","NEEDS VERIFICATION","FOUND","N/A","N/A","N/A",,,,"2023/2024-25","https://dmcc.clayclerk.com/Documents/Download/16826","Clerk index metadata verified; document terms and payment chain require document-level review."
"FY2025-26",,"Agreement/Contract","2026-02-12","2025/2026-0093","AGREEMENT FOR AGRONOMIC SERVICES FOR CLAY COUNTY PARKS - AGROW PRO","AGROW PRO","Parks/Recreation",,"CLERK INDEX METADATA ONLY",,"NEEDS VERIFICATION","NEEDS VERIFICATION","FOUND","N/A","MISSING","MISSING","MISSING",,,,,"https://dmcc.clayclerk.com/Documents/Download/16809","Clerk index metadata verified; document terms and payment chain require document-level review."
"FY2025-26",,"Renewals/Extensions/Amendments","2026-02-12","2025/2026-52 AM1","AVAAP PROJECT CHANGE REQUEST - AMS SUPPORT","Avaap","Software/SaaS/Subscriptions/IT",,"CLERK INDEX METADATA ONLY",,"NEEDS VERIFICATION","NEEDS VERIFICATION","NEEDS VERIFICATION","FOUND","MISSING","MISSING","MISSING",,,,"2025/2026-52","https://dmcc.clayclerk.com/Documents/Download/16859","Clerk index metadata verified; document terms and payment chain require document-level review."
"FY2025-26",,"Renewals/Extensions/Amendments","2026-02-13","2019/2020-196 AM15","FIFTEENTH AMENDMENT TO AGREEMENT FOR OWNER’S REPRESENTATIVE SERVICES FOR 2020 TRANSPORTATION BOND PROGRAM - WGI, INC.","WGI, INC.","Roads/Transportation",,"CLERK INDEX METADATA ONLY",,"NEEDS VERIFICATION","NEEDS VERIFICATION","NEEDS VERIFICATION","FOUND","MISSING","MISSING","MISSING",,,,"2019/2020-196","https://dmcc.clayclerk.com/Documents/Download/16814","Clerk index metadata verified; document terms and payment chain require document-level review."
"FY2025-26",,"Renewals/Extensions/Amendments","2026-02-13","2023/2024-105 SA4","FLORIDA DOT - SUPPLEMENTAL AGREEMENT FOR CONSTRUCTION AND CEI, WIDENING OF CR220 FROM CR209","SUPPLEMENTAL AGREEMENT FOR CONSTRUCTION AND CEI, WIDENING OF CR220 FROM CR209","Roads/Transportation",,"CLERK INDEX METADATA ONLY",,"NEEDS VERIFICATION","NEEDS VERIFICATION","NEEDS VERIFICATION","FOUND","MISSING","MISSING","MISSING",,,,"2023/2024-105 SA4","https://dmcc.clayclerk.com/Documents/Download/18638","Clerk index metadata verified; document terms and payment chain require document-level review."
"FY2025-26",,"Renewals/Extensions/Amendments","2026-02-13","2023/2024-289 AM1","FIRST AMENDMENT TO THE AGREEMENT TO PROVIDE VARIOUS EQUIPMENT AND AMENITIES FOR PARKS AND RECREATION - MIRACLE - WE BUILD FUN","WE BUILD FUN","Parks/Recreation",,"CLERK INDEX METADATA ONLY",,"NEEDS VERIFICATION","NEEDS VERIFICATION","NEEDS VERIFICATION","FOUND","MISSING","MISSING","MISSING",,,,"2023/2024-289","https://dmcc.clayclerk.com/Documents/Download/16816","Clerk index metadata verified; document terms and payment chain require document-level review."
"FY2025-26",,"Agreement/Contract","2026-02-13","2025/2026-0094","BLOOD SERVICES AGREEMENT - LIFESOUTH","LIFESOUTH","Health/Human Services",,"CLERK INDEX METADATA ONLY",,"NEEDS VERIFICATION","NEEDS VERIFICATION","FOUND","N/A","MISSING","MISSING","MISSING",,,,,"https://dmcc.clayclerk.com/Documents/Download/16812","Clerk index metadata verified; document terms and payment chain require document-level review."
"FY2025-26",,"Agreement/Contract","2026-02-13","2025/2026-0095","AGREEMENT FOR COMMUNITY DEVELOPMENT BLOCK GRANT (CDBG) HOUSING REHABILITATION - 334 GANO AVENUE","334 GANO AVENUE","Grants/Interlocal Agreements",,"CLERK INDEX METADATA ONLY",,"NEEDS VERIFICATION","NEEDS VERIFICATION","FOUND","N/A","MISSING","MISSING","MISSING",,,,,"https://dmcc.clayclerk.com/Documents/Download/16815","Clerk index metadata verified; document terms and payment chain require document-level review."
"FY2025-26",,"Agreement/Contract","2026-02-17","2025/2026-0096","MOBILITY FEE AND COMPREHENSIVE IMPACT FEE AGREEMENT - HIBERNIA BAPTIST","HIBERNIA BAPTIST","Land/Leases/Real Estate",,"CLERK INDEX METADATA ONLY",,"NEEDS VERIFICATION","NEEDS VERIFICATION","FOUND","N/A","MISSING","MISSING","MISSING",,,,,"https://dmcc.clayclerk.com/Documents/Download/16817","Clerk index metadata verified; document terms and payment chain require document-level review."
"FY2025-26",,"Agreement/Contract","2026-02-17","2025/2026-0097","GLE-ASBESTOS SURVEY",,"Construction/Repairs/Facilities",,"CLERK INDEX METADATA ONLY",,"N/A","N/A","FOUND","N/A","N/A","N/A","N/A",,,,,"https://dmcc.clayclerk.com/Documents/Download/16818","Clerk index metadata verified; document terms and payment chain require document-level review."
"FY2025-26",,"Renewals/Extensions/Amendments","2026-02-18","2021/2022-140 RN3","THIRD RENEWAL AND SECOND AMENDMENT TO AGREEMENT FOR SPECIAL SPECIAL MAGISTRATE SERVICES",,"Legal",,"CLERK INDEX METADATA ONLY",,"N/A","N/A","NEEDS VERIFICATION","FOUND","N/A","N/A","N/A",,,,"2021/2022-140","https://dmcc.clayclerk.com/Documents/Download/16853","Clerk index metadata verified; document terms and payment chain require document-level review."
"FY2025-26",,"Agreement/Contract","2026-02-18","2024/2025-0275","FUEL AGREEMENT WITH GATE FUEL SERVICE - SBCC","SBCC","Equipment/Fleet",,"CLERK INDEX METADATA ONLY",,"NEEDS VERIFICATION","NEEDS VERIFICATION","FOUND","N/A","MISSING","MISSING","MISSING",,,,,"https://dmcc.clayclerk.com/Documents/Download/16824","Clerk index metadata verified; document terms and payment chain require document-level review."
"FY2025-26",,"Agreement/Contract","2026-02-18","2025/2026-0116","OVERDRIVE - DIGITAL LIBRARY ORDER FORM","OverDrive","Software/SaaS/Subscriptions/IT",,"CLERK INDEX METADATA ONLY",,"NEEDS VERIFICATION","NEEDS VERIFICATION","FOUND","N/A","MISSING","MISSING","MISSING",,,,,"https://dmcc.clayclerk.com/Documents/Download/16854","Clerk index metadata verified; document terms and payment chain require document-level review."
"FY2025-26",,"Renewals/Extensions/Amendments","2026-02-19","2024/2025-67 RN1","MICROSOFT ENTERPRISE UPDATE STATEMENT TRUE-UP RENEWAL - SHI","SHI","Software/SaaS/Subscriptions/IT",,"CLERK INDEX METADATA ONLY",,"NEEDS VERIFICATION","NEEDS VERIFICATION","NEEDS VERIFICATION","FOUND","MISSING","MISSING","MISSING",,,,"2024/2025-67","https://dmcc.clayclerk.com/Documents/Download/16823","Clerk index metadata verified; document terms and payment chain require document-level review."
"FY2025-26",,"Agreement/Contract","2026-02-19","2025/2026-0098","DOGS PLAYING FOR LIFE SEMINAR AGREEMENT",,"Community/Nonprofit Agreements",,"CLERK INDEX METADATA ONLY",,"N/A","N/A","FOUND","N/A","N/A","N/A","N/A",,,,,"https://dmcc.clayclerk.com/Documents/Download/16821","Clerk index metadata verified; document terms and payment chain require document-level review."
"FY2025-26",,"Agreement/Contract","2026-02-19","2025/2026-0100","INTERLOCAL AGREEMENT BETWEEN CLAY COUNTY, FLORIDA AND THE CITY OF KEYSTONE HEIGHTS, FLORIDA REGARDING LAKE GENEVA RESTORATION PROJECT FUNDING",,"Environmental/Mosquito",,"CLERK INDEX METADATA ONLY",,"N/A","N/A","FOUND","N/A","N/A","N/A","N/A",,,,,"https://dmcc.clayclerk.com/Documents/Download/16822","Clerk index metadata verified; document terms and payment chain require document-level review."
"FY2025-26",,"Renewals/Extensions/Amendments","2026-02-20","2022/2023-109 RN1","FIRST RENEWAL TO AGREEMENT FOR 911 HARDWARE AND SOFTWARE MAINTENANCE SERVICES - AK ASSOCIATES","AK Associates","Software/SaaS/Subscriptions/IT",,"CLERK INDEX METADATA ONLY",,"NEEDS VERIFICATION","NEEDS VERIFICATION","NEEDS VERIFICATION","FOUND","MISSING","MISSING","MISSING",,,,"2022/2023-109","https://dmcc.clayclerk.com/Documents/Download/17628","Clerk index metadata verified; document terms and payment chain require document-level review."
"FY2025-26",,"Renewals/Extensions/Amendments","2026-02-24","2023/2024-181 RN1","FIRST RENEWAL TO AGREEMENT FOR ONSITE CONCRETE AND ASPHALT MILLING CRUSHING SERVICES - KNEPPS","KNEPPS","Roads/Transportation",,"CLERK INDEX METADATA ONLY",,"NEEDS VERIFICATION","NEEDS VERIFICATION","NEEDS VERIFICATION","FOUND","MISSING","MISSING","MISSING",,,,"2023/2024-181","https://dmcc.clayclerk.com/Documents/Download/16856","Clerk index metadata verified; document terms and payment chain require document-level review."
"FY2025-26",,"Renewals/Extensions/Amendments","2026-02-24","2024/2025-88 AM1","FIRST AMENDMENT TO AGREEMENT FOR FIRE CONSULTANT SERVICES - NATIONAL FIRE SERVICES ISO INSPECTION","NATIONAL FIRE SERVICES ISO INSPECTION","Fire/EMS",,"CLERK INDEX METADATA ONLY",,"NEEDS VERIFICATION","NEEDS VERIFICATION","NEEDS VERIFICATION","FOUND","MISSING","MISSING","MISSING",,,,"2024/2025-88","https://dmcc.clayclerk.com/Documents/Download/16827","Clerk index metadata verified; document terms and payment chain require document-level review."
"FY2025-26",,"Agreement/Contract","2026-02-24","2025/2026-0101","SYNTECH - FUELMASTER MANAGEMENT SYSTEM EXTENDED MAINTENANCE AGREEMENT","Syn-Tech Systems","Software/SaaS/Subscriptions/IT",,"CLERK INDEX METADATA ONLY",,"NEEDS VERIFICATION","NEEDS VERIFICATION","FOUND","N/A","MISSING","MISSING","MISSING",,,,,"https://dmcc.clayclerk.com/Documents/Download/16825","Clerk index metadata verified; document terms and payment chain require document-level review."
"FY2025-26",,"Renewals/Extensions/Amendments","2026-02-27","2024/2025-262 AM1","FIRST AMENDMENT TO CLAY COUNTY SHIP PROGRAM DEMOLITION AND RECONSTRUCTION AGREEMENT - MARGIE AND FRANK WARING","MARGIE AND FRANK WARING","Construction/Repairs/Facilities",,"CLERK INDEX METADATA ONLY",,"NEEDS VERIFICATION","NEEDS VERIFICATION","NEEDS VERIFICATION","FOUND","MISSING","MISSING","MISSING",,,,"2024/2025-262","https://dmcc.clayclerk.com/Documents/Download/16828","Clerk index metadata verified; document terms and payment chain require document-level review."
"FY2025-26",,"Renewals/Extensions/Amendments","2026-03-01","2022/2023-123 RN2","SECOND RENEWAL AND AMENDMENT TO AGREEMENT FOR RENTAL OF PORTABLE TOILETS – COUNTY WIDE - UNITED SITE SERVICES OF FLORIDA","UNITED SITE SERVICES OF FLORIDA","Solid Waste/Franchises",,"CLERK INDEX METADATA ONLY",,"NEEDS VERIFICATION","NEEDS VERIFICATION","NEEDS VERIFICATION","FOUND","MISSING","MISSING","MISSING",,,,"2022/2023-123","https://dmcc.clayclerk.com/Documents/Download/16855","Clerk index metadata verified; document terms and payment chain require document-level review."
"FY2025-26",,"Renewals/Extensions/Amendments","2026-03-02","2023/2024-256 AM3","THIRD AMENDMENT TO PHASE 2 CONSTRUCTION MANAGEMENT AT RISK (CMAR) CONSTRUCTION AGREEMENT FOR THE CLAY COUNTY BUILDING/ECONOMIC DEVELOPMENT SERVICES FACILITY - SCORPIO","SCORPIO","Construction/Repairs/Facilities",,"CLERK INDEX METADATA ONLY",,"NEEDS VERIFICATION","NEEDS VERIFICATION","NEEDS VERIFICATION","FOUND","MISSING","MISSING","MISSING",,,,"2023/2024-256","https://dmcc.clayclerk.com/Documents/Download/16829","Clerk index metadata verified; document terms and payment chain require document-level review."
"FY2025-26",,"Renewals/Extensions/Amendments","2026-03-02","2024/2025-249 AM1","AMENDMENT TO INTERLOCAL REGARDING LAKE GENEVA RESTORATION PROJECT",,"Environmental/Mosquito",,"CLERK INDEX METADATA ONLY",,"N/A","N/A","NEEDS VERIFICATION","FOUND","N/A","N/A","N/A",,,,"2024/2025-249","https://dmcc.clayclerk.com/Documents/Download/17618","Clerk index metadata verified; document terms and payment chain require document-level review."
"FY2025-26",,"Agreement/Contract","2026-03-02","2025/2026-0102","Service Agreement for Iridium Services - SKYBASE COMMUNICATIONS","SKYBASE COMMUNICATIONS","Other",,"CLERK INDEX METADATA ONLY",,"NEEDS VERIFICATION","NEEDS VERIFICATION","FOUND","N/A","MISSING","MISSING","MISSING",,,,,"https://dmcc.clayclerk.com/Documents/Download/16830","Clerk index metadata verified; document terms and payment chain require document-level review."
"FY2025-26",,"Agreement/Contract","2026-03-04","2025/2026-0104","AGREEMENT FOR PURCHASE AND INSTALLATION OF FIRST AID METAL BUILDING AT CLAY COUNTY FAIRGROUNDS - ADVANTAGE CONTRACTING - FIRST AID BUILDING","FIRST AID BUILDING","Construction/Repairs/Facilities",,"CLERK INDEX METADATA ONLY",,"NEEDS VERIFICATION","NEEDS VERIFICATION","FOUND","N/A","MISSING","MISSING","MISSING",,,,,"https://dmcc.clayclerk.com/Documents/Download/16831","Clerk index metadata verified; document terms and payment chain require document-level review."
"FY2025-26",,"Agreement/Contract","2026-03-05","2025/2026-0106","CIS - CENTER FOR INTERNET SECURITY - MS-ISAC SINGLE ORGANIZATION MEMBERSHIP","Center for Internet Security","Software/SaaS/Subscriptions/IT",,"CLERK INDEX METADATA ONLY",,"NEEDS VERIFICATION","NEEDS VERIFICATION","FOUND","N/A","MISSING","MISSING","MISSING",,,,,"https://dmcc.clayclerk.com/Documents/Download/16832","Clerk index metadata verified; document terms and payment chain require document-level review."
"FY2025-26",,"Agreement/Contract","2026-03-10","2025/2026-0111","LIEN REDUCTION AGREEMENT - 1940 PEREGRINE PLACE, MIDDLEBURG, FLORIDA 32068 - TRITON",,"Land/Leases/Real Estate",,"CLERK INDEX METADATA ONLY",,"N/A","N/A","FOUND","N/A","N/A","N/A","N/A",,,,,"https://dmcc.clayclerk.com/Documents/Download/17621","Clerk index metadata verified; document terms and payment chain require document-level review."
"FY2025-26",,"Agreement/Contract","2026-03-10","2025/2026-0120","MOA - CC /FHP USAGE OF THE CLAY COUNTY GUN RANGE","CC /FHP USAGE OF THE CLAY COUNTY GUN RANGE","Public Safety",,"CLERK INDEX METADATA ONLY",,"NEEDS VERIFICATION","NEEDS VERIFICATION","FOUND","N/A","MISSING","MISSING","MISSING",,,,,"https://dmcc.clayclerk.com/Documents/Download/17584","Clerk index metadata verified; document terms and payment chain require document-level review."
"FY2025-26",,"Agreement/Contract","2026-03-12","2025/2026-0110","KINGS III EMERGENCY COMMUNICATION - PRE-CO ACTIVATION AGREEMENT","PRE-CO ACTIVATION AGREEMENT","Public Safety",,"CLERK INDEX METADATA ONLY",,"NEEDS VERIFICATION","NEEDS VERIFICATION","FOUND","N/A","MISSING","MISSING","MISSING",,,,,"https://dmcc.clayclerk.com/Documents/Download/16836","Clerk index metadata verified; document terms and payment chain require document-level review."
"FY2025-26",,"Renewals/Extensions/Amendments","2026-03-16","2025/2026-48 AM1","FIRST AMENDMENT TO AGREEMENT FOR FIRE STATION NO. 24 SITE CLEARING SERVICES - CONNER","CONNER","Fire/EMS",,"CLERK INDEX METADATA ONLY",,"NEEDS VERIFICATION","NEEDS VERIFICATION","NEEDS VERIFICATION","FOUND","MISSING","MISSING","MISSING",,,,"2025/2026-48","https://dmcc.clayclerk.com/Documents/Download/16857","Clerk index metadata verified; document terms and payment chain require document-level review."
"FY2025-26",,"Renewals/Extensions/Amendments","2026-03-17","2021/2022-119 RN2","SECOND RENEWAL AND AMENDMENT TO AGREEMENT FOR IT SUPPORT SERVICES - THE SCARLETT GROUP","THE SCARLETT GROUP","Software/SaaS/Subscriptions/IT",,"CLERK INDEX METADATA ONLY",,"NEEDS VERIFICATION","NEEDS VERIFICATION","NEEDS VERIFICATION","FOUND","MISSING","MISSING","MISSING",,,,"2021/2022-119","https://dmcc.clayclerk.com/Documents/Download/16850","Clerk index metadata verified; document terms and payment chain require document-level review."
"FY2025-26",,"Agreement/Contract","2026-03-17","2025/2026-0103","GWORKS CLOUD OPERATIONS ENTERPRISES BUNDLE AND INSPECTIONS","gWorks","Software/SaaS/Subscriptions/IT",,"CLERK INDEX METADATA ONLY",,"NEEDS VERIFICATION","NEEDS VERIFICATION","FOUND","N/A","MISSING","MISSING","MISSING",,,,,"https://dmcc.clayclerk.com/Documents/Download/17589","Clerk index metadata verified; document terms and payment chain require document-level review."
"FY2025-26",,"Agreement/Contract","2026-03-17","2025/2026-0112","SHELTER LUV - HOUNDTOWNE INC - ADOPTION ANIMAL SERVICES",,"Community/Nonprofit Agreements",,"CLERK INDEX METADATA ONLY",,"N/A","N/A","FOUND","N/A","N/A","N/A","N/A",,,,,"https://dmcc.clayclerk.com/Documents/Download/16851","Clerk index metadata verified; document terms and payment chain require document-level review."
"FY2025-26",,"Agreement/Contract","2026-03-18","2025/2026-0113","AGREEMENT FOR COMMUNITY DEVELOPMENT BLOCK GRANT (CDBG) HOUSING REHABILITATION - 972 SANDSTONE DRIVE - KAES SJHP","KAES SJHP","Grants/Interlocal Agreements",,"CLERK INDEX METADATA ONLY",,"NEEDS VERIFICATION","NEEDS VERIFICATION","FOUND","N/A","MISSING","MISSING","MISSING",,,,,"https://dmcc.clayclerk.com/Documents/Download/18609","Clerk index metadata verified; document terms and payment chain require document-level review."
"FY2025-26",,"Agreement/Contract","2026-03-18","2025/2026-0114","AGREEMENT FOR COMMUNITY DEVELOPMENT BLOCK GRANT (CDBG) HOUSING REHABILITATION - 1214 LIONS DEN DRIVE - CONNER","CONNER","Grants/Interlocal Agreements",,"CLERK INDEX METADATA ONLY",,"NEEDS VERIFICATION","NEEDS VERIFICATION","FOUND","N/A","MISSING","MISSING","MISSING",,,,,"https://dmcc.clayclerk.com/Documents/Download/16858","Clerk index metadata verified; document terms and payment chain require document-level review."
"FY2025-26",,"Agreement/Contract","2026-03-18","2025/2026-0115","CBRE TEMPORARY LICENSE AGREEMENT MARKETING EVENT WALKING CLUB",,"Land/Leases/Real Estate",,"CLERK INDEX METADATA ONLY",,"N/A","N/A","FOUND","N/A","N/A","N/A","N/A",,,,,"https://dmcc.clayclerk.com/Documents/Download/16852","Clerk index metadata verified; document terms and payment chain require document-level review."
"FY2025-26",,"Agreement/Contract","2026-03-20","2025/2026-0108","LAKE GENEVA RESTORATION PROJECT - C&S SITE","C&S SITE","Environmental/Mosquito",,"CLERK INDEX METADATA ONLY",,"NEEDS VERIFICATION","NEEDS VERIFICATION","FOUND","N/A","MISSING","MISSING","MISSING",,,,,"https://dmcc.clayclerk.com/Documents/Download/17590","Clerk index metadata verified; document terms and payment chain require document-level review."
"FY2025-26",,"Renewals/Extensions/Amendments","2026-03-23","2024/2025-41 AM3","THIRD AMENDMENT TO AGREEMENT FOR CR 220 WIDENING – PHASE 2 - REEVES CONSTRUCTION","REEVES CONSTRUCTION","Roads/Transportation",,"CLERK INDEX METADATA ONLY",,"NEEDS VERIFICATION","NEEDS VERIFICATION","NEEDS VERIFICATION","FOUND","MISSING","MISSING","MISSING",,,,"2024/2025-41","https://dmcc.clayclerk.com/Documents/Download/17620","Clerk index metadata verified; document terms and payment chain require document-level review."
"FY2025-26",,"Renewals/Extensions/Amendments","2026-03-24","2018/2019-79 AM3","FAIRGROUNDS LEASE AMENDMENT",,"Parks/Recreation",,"CLERK INDEX METADATA ONLY",,"N/A","N/A","NEEDS VERIFICATION","FOUND","N/A","N/A","N/A",,,,"2018/2019-79","https://dmcc.clayclerk.com/Documents/Download/17596","Clerk index metadata verified; document terms and payment chain require document-level review."
"FY2025-26",,"Renewals/Extensions/Amendments","2026-03-24","2022/2023-149 AM1 RN1","FLORIDA DEPARTMENT OF COMMERCE EDC DATA SHARING",,"Other",,"CLERK INDEX METADATA ONLY",,"N/A","N/A","NEEDS VERIFICATION","FOUND","N/A","N/A","N/A",,,,"2022/2023-149","https://dmcc.clayclerk.com/Documents/Download/17602","Clerk index metadata verified; document terms and payment chain require document-level review."
"FY2025-26",,"Renewals/Extensions/Amendments","2026-03-24","2024/2025-306 AM2","LUTHERAN SERVICES - CCFR","CCFR","Fire/EMS",,"CLERK INDEX METADATA ONLY",,"NEEDS VERIFICATION","NEEDS VERIFICATION","NEEDS VERIFICATION","FOUND","MISSING","MISSING","MISSING",,,,"2024/2025-306","https://dmcc.clayclerk.com/Documents/Download/17609","Clerk index metadata verified; document terms and payment chain require document-level review."
"FY2025-26",,"Agreement/Contract","2026-03-24","2025/2026-0028","FDEP LAKE GENEVA GRANT AGREEMENT",,"Environmental/Mosquito",,"CLERK INDEX METADATA ONLY",,"N/A","N/A","FOUND","N/A","N/A","N/A","N/A",,,,,"https://dmcc.clayclerk.com/Documents/Download/17605","Clerk index metadata verified; document terms and payment chain require document-level review."
"FY2025-26",,"Agreement/Contract","2026-03-24","2025/2026-0044","LOA - UNITED HEALTHCARE","UNITED HEALTHCARE","Health/Human Services",,"CLERK INDEX METADATA ONLY",,"NEEDS VERIFICATION","NEEDS VERIFICATION","FOUND","N/A","MISSING","MISSING","MISSING",,,,,"https://dmcc.clayclerk.com/Documents/Download/17606","Clerk index metadata verified; document terms and payment chain require document-level review."
"FY2025-26",,"Agreement/Contract","2026-03-24","2025/2026-0081","STATE FUNDED GRANT AGREEMENT - CR217 BRIDGE IMPROVEMENTS - FDOT",,"Roads/Transportation",,"CLERK INDEX METADATA ONLY",,"N/A","N/A","FOUND","N/A","N/A","N/A","N/A",,,,,"https://dmcc.clayclerk.com/Documents/Download/17603","Clerk index metadata verified; document terms and payment chain require document-level review."
"FY2025-26",,"Agreement/Contract","2026-03-24","2025/2026-0099","FDOC WORK PROGRAM AGREEMENT",,"Other",,"CLERK INDEX METADATA ONLY",,"N/A","N/A","FOUND","N/A","N/A","N/A","N/A",,,,,"https://dmcc.clayclerk.com/Documents/Download/17607","Clerk index metadata verified; document terms and payment chain require document-level review."
"FY2025-26",,"Agreement/Contract","2026-03-24","2025/2026-0105","FLORIDA DEPARTMENT OF STATE - DIVISION OF LIBRARY - DELIVERY SERVICE PARTICIPATION","DELIVERY SERVICE PARTICIPATION","Libraries/Media",,"CLERK INDEX METADATA ONLY",,"NEEDS VERIFICATION","NEEDS VERIFICATION","FOUND","N/A","MISSING","MISSING","MISSING",,,,,"https://dmcc.clayclerk.com/Documents/Download/17610","Clerk index metadata verified; document terms and payment chain require document-level review."
"FY2025-26",,"Agreement/Contract","2026-03-24","2025/2026-0117","AGREMENT FOR BARRIER NETTING AT CLAY COUNTY REGIONAL SPORTS COMPLEX - BAKER SPORTS","BAKER SPORTS","Parks/Recreation",,"CLERK INDEX METADATA ONLY",,"NEEDS VERIFICATION","NEEDS VERIFICATION","FOUND","N/A","MISSING","MISSING","MISSING",,,,,"https://dmcc.clayclerk.com/Documents/Download/17608","Clerk index metadata verified; document terms and payment chain require document-level review."
"FY2025-26",,"Renewals/Extensions/Amendments","2026-03-24","2025/2026-217 AM1","FIRST AMENDMENT TO OPERATIVE IQ LICENSING AGREEMENT - BOUND TREE MEDICAL OPERATIVE","BOUND TREE MEDICAL OPERATIVE","Software/SaaS/Subscriptions/IT",,"CLERK INDEX METADATA ONLY",,"NEEDS VERIFICATION","NEEDS VERIFICATION","NEEDS VERIFICATION","FOUND","MISSING","MISSING","MISSING",,,,"2025/2026-217","https://dmcc.clayclerk.com/Documents/Download/17604","Clerk index metadata verified; document terms and payment chain require document-level review."
"FY2025-26",,"Renewals/Extensions/Amendments","2026-03-26","2023/2024-147 RN1","FIRST RENEWAL AND AMENDMENT TO AGREEMENT FOR PROFESSIONAL ARCHITECTURAL CONTINUING SERVICES - DASHER HURST","DASHER HURST","Engineering & Professional Services","Architecture & Design","CLERK INDEX METADATA ONLY",,"NEEDS VERIFICATION","NEEDS VERIFICATION","NEEDS VERIFICATION","FOUND","MISSING","MISSING","MISSING",,,,"2023/2024-147","https://dmcc.clayclerk.com/Documents/Download/17585","Clerk index metadata verified; document terms and payment chain require document-level review."
"FY2025-26",,"Renewals/Extensions/Amendments","2026-03-26","2023/2024-148 RN1","FIRST RENEWAL AND AMENDMENT TO AGREEMENT FOR PROFESSIONAL ARCHITECTURAL CONTINUING SERVICES PROFESSIONAL ARCHITECTURAL CONTINUNING SERVICES",,"Engineering & Professional Services","Architecture & Design","CLERK INDEX METADATA ONLY",,"N/A","N/A","NEEDS VERIFICATION","FOUND","N/A","N/A","N/A",,,,"2023/2024-148","https://dmcc.clayclerk.com/Documents/Download/17583","Clerk index metadata verified; document terms and payment chain require document-level review."
"FY2025-26",,"Renewals/Extensions/Amendments","2026-03-26","2023/2024-149 RN1","FIRST RENEWAL AND AMENDMENT TO AGREEMENT FOR PROFESSIONAL ARCHITECTURAL CONTINUING SERVICES - WALKER ARCHITECTS","WALKER ARCHITECTS","Engineering & Professional Services","Architecture & Design","CLERK INDEX METADATA ONLY",,"NEEDS VERIFICATION","NEEDS VERIFICATION","NEEDS VERIFICATION","FOUND","MISSING","MISSING","MISSING",,,,"2023/2024-149","https://dmcc.clayclerk.com/Documents/Download/17587","Clerk index metadata verified; document terms and payment chain require document-level review."
"FY2025-26",,"Agreement/Contract","2026-03-26","2023/2024-196 TO14","RESURFACING VARIOUS DISTRICTS 2 LOCATIONS",,"Roads/Transportation",,"CLERK INDEX METADATA ONLY",,"N/A","N/A","FOUND","N/A","N/A","N/A","N/A",,,,,"https://dmcc.clayclerk.com/Documents/Download/17588","Clerk index metadata verified; document terms and payment chain require document-level review."
"FY2025-26",,"Renewals/Extensions/Amendments","2026-03-26","2023/2024146 RN1","FIRST RENEWAL AND AMENDMENT TO AGREEMENT FOR PROFESSIONAL ARCHITECTURAL CONTINUING SERVICES - BHIDE & HALL ARCHITECTS","BHIDE & HALL ARCHITECTS","Engineering & Professional Services","Architecture & Design","CLERK INDEX METADATA ONLY",,"NEEDS VERIFICATION","NEEDS VERIFICATION","NEEDS VERIFICATION","FOUND","MISSING","MISSING","MISSING",,,,"2023/2024146","https://dmcc.clayclerk.com/Documents/Download/17611","Clerk index metadata verified; document terms and payment chain require document-level review."
"FY2025-26",,"Renewals/Extensions/Amendments","2026-03-26","2024/2025-98 AM3","THIRD AMENDMENT TO AGREEMENT FOR FIRE AND SECURITY ALARM MONITORING, INSPECTIONS, REPAIR AND MAINTENANCE - VILLAGE KEY AND ALARM FIRE AND SECURITY ALARM MAINTENANCE","VILLAGE KEY AND ALARM FIRE AND SECURITY ALARM MAINTENANCE","Fire/EMS",,"CLERK INDEX METADATA ONLY",,"NEEDS VERIFICATION","NEEDS VERIFICATION","NEEDS VERIFICATION","FOUND","MISSING","MISSING","MISSING",,,,"2024/2025-98","https://dmcc.clayclerk.com/Documents/Download/17586","Clerk index metadata verified; document terms and payment chain require document-level review."
"FY2025-26",,"Renewals/Extensions/Amendments","2026-03-27","2021/2022-135 RN2","SECOND RENEWAL TO LEASE AGREEMENT FOR MANAGEMENT OF KNIGHTS MARINA FACILITY - LSA SALES","LSA SALES","Construction/Repairs/Facilities",,"CLERK INDEX METADATA ONLY",,"NEEDS VERIFICATION","NEEDS VERIFICATION","NEEDS VERIFICATION","FOUND","MISSING","MISSING","MISSING",,,,"2021/2022-135","https://dmcc.clayclerk.com/Documents/Download/18640","Clerk index metadata verified; document terms and payment chain require document-level review."
"FY2025-26",,"Renewals/Extensions/Amendments","2026-03-27","2023/2024-168 AM3","THIRD AMENDMENT TO AGREEMENT FOR CONSTRUCTION OF ROADWAY AND DRAINAGE IMPROVEMENTS ALONG CR 218 FROM COSMOS AVE. TO PINE TREE LANE FOR THE BONDED TRANSPORTATION PROGRAM PROJECT 1 - ANDERSON COLUMBIA","ANDERSON COLUMBIA","Stormwater/Drainage",,"CLERK INDEX METADATA ONLY",,"NEEDS VERIFICATION","NEEDS VERIFICATION","NEEDS VERIFICATION","FOUND","MISSING","MISSING","MISSING",,,,"2023/2024-168","https://dmcc.clayclerk.com/Documents/Download/18589","Clerk index metadata verified; document terms and payment chain require document-level review."
"FY2025-26",,"Agreement/Contract","2026-03-27","2025/2026-0123","TOURIST DEVELOPMENT COUNCIL SPORTS EVENT GRANT FUNDING AGREEMENT - INSPIRE NATIONAL DANCE COMPETITION",,"Grants/Interlocal Agreements",,"CLERK INDEX METADATA ONLY",,"N/A","N/A","FOUND","N/A","N/A","N/A","N/A",,,,,"https://dmcc.clayclerk.com/Documents/Download/18593","Clerk index metadata verified; document terms and payment chain require document-level review."
"FY2025-26",,"Agreement/Contract","2026-03-29","2025/2026-119","STATE OF FLORIDA DEPARTMENT OF ENVIRONMENTAL PROTECTION Standard Grant Agreement - CLAY COUNTY MOCCASIN SLOUGH BOARDWALK",,"Environmental/Mosquito",,"CLERK INDEX METADATA ONLY",,"N/A","N/A","FOUND","N/A","N/A","N/A","N/A",,,,,"https://dmcc.clayclerk.com/Documents/Download/18876","Clerk index metadata verified; document terms and payment chain require document-level review."
"FY2025-26",,"Agreement/Contract","2026-03-30","2025-2026-0121","AGREEMENT FOR MOCCASIN SLOUGH BOARDWALK - LEGACY DOCK AND MARINE","LEGACY DOCK AND MARINE","Construction/Repairs/Facilities",,"CLERK INDEX METADATA ONLY",,"NEEDS VERIFICATION","NEEDS VERIFICATION","FOUND","N/A","MISSING","MISSING","MISSING",,,,,"https://dmcc.clayclerk.com/Documents/Download/17582","Clerk index metadata verified; document terms and payment chain require document-level review."
"FY2025-26",,"Agreement/Contract","2026-03-31","2025/2026-0128","TOURIST DEVELOPMENT COUNCIL SIGNATURE EVENT GRANT FUNDING AGREEMENT - CLAY COUNTY FAIR ASSOCIATION",,"Grants/Interlocal Agreements",,"CLERK INDEX METADATA ONLY",,"N/A","N/A","FOUND","N/A","N/A","N/A","N/A",,,,,"https://dmcc.clayclerk.com/Documents/Download/18612","Clerk index metadata verified; document terms and payment chain require document-level review."
"FY2025-26",,"Renewals/Extensions/Amendments","2026-04-01","2009/2010-88 RN16","SIXTEENTH RENEWAL TO AGREEMENT #2009/2010-88 ENVIRONMENTAL SYSTEMS RESEARCH INSTITUTE, INC. - MAINTENANCE AGREEMENT","Esri","Software/SaaS/Subscriptions/IT",,"CLERK INDEX METADATA ONLY",,"NEEDS VERIFICATION","NEEDS VERIFICATION","NEEDS VERIFICATION","FOUND","MISSING","MISSING","MISSING",,,,"2009/2010-88","https://dmcc.clayclerk.com/Documents/Download/17617","Clerk index metadata verified; document terms and payment chain require document-level review."
"FY2025-26",,"Renewals/Extensions/Amendments","2026-04-01","2020/2021-155 AM1 RN1","FIRST AMENDMENT AND RENEWAL TO AGREEMENT FOR RIGHT-OF-WAY MOWING SERVICES (SOUTH) - FLORIDA LAWN MEDICS","FLORIDA LAWN MEDICS","Roads/Transportation",,"CLERK INDEX METADATA ONLY",,"NEEDS VERIFICATION","NEEDS VERIFICATION","NEEDS VERIFICATION","FOUND","MISSING","MISSING","MISSING",,,,"2020/2021-155","https://dmcc.clayclerk.com/Documents/Download/17614","Clerk index metadata verified; document terms and payment chain require document-level review."
"FY2025-26",,"Renewals/Extensions/Amendments","2026-04-01","2020/2021-157 RN3","THIRD RENEWAL TO AGREEMENT FOR MOSQUITO CONTROL PROGRAM WITH MOSQUITO CONTROL SERVICES OF FLORIDA, LLC - MOSQUITO CONTROL PROGRAM","MOSQUITO CONTROL PROGRAM","Environmental/Mosquito",,"CLERK INDEX METADATA ONLY",,"NEEDS VERIFICATION","NEEDS VERIFICATION","NEEDS VERIFICATION","FOUND","MISSING","MISSING","MISSING",,,,"2020/2021-157","https://dmcc.clayclerk.com/Documents/Download/17613","Clerk index metadata verified; document terms and payment chain require document-level review."
"FY2025-26",,"Renewals/Extensions/Amendments","2026-04-01","2023/2024-156 AM1 RN1","FIRST AMENDMENT AND RENEWAL TO AGREEMENT FOR RIGHT-OF-WAY MOWING SERVICES (NORTH) - FLORIDA LAWN MEDICS","FLORIDA LAWN MEDICS","Roads/Transportation",,"CLERK INDEX METADATA ONLY",,"NEEDS VERIFICATION","NEEDS VERIFICATION","NEEDS VERIFICATION","FOUND","MISSING","MISSING","MISSING",,,,"2023/2024-156","https://dmcc.clayclerk.com/Documents/Download/17612","Clerk index metadata verified; document terms and payment chain require document-level review."
"FY2025-26",,"Agreement/Contract","2026-04-01","2025/2026-0107","SOVEREIGNTY SUBMERGED LANDS FEE WAIVED LEASE",,"Land/Leases/Real Estate",,"CLERK INDEX METADATA ONLY",,"N/A","N/A","FOUND","N/A","N/A","N/A","N/A",,,,,"https://dmcc.clayclerk.com/Documents/Download/17615","Clerk index metadata verified; document terms and payment chain require document-level review."
"FY2025-26",,"Agreement/Contract","2026-04-01","2025/2026-0122","MOU - FLORIDA GATEWAY COLLEGE AND CCFR -",,"Fire/EMS",,"CLERK INDEX METADATA ONLY",,"N/A","N/A","FOUND","N/A","N/A","N/A","N/A",,,,,"https://dmcc.clayclerk.com/Documents/Download/17592","Clerk index metadata verified; document terms and payment chain require document-level review."
"FY2025-26",,"Agreement/Contract","2026-04-01","2025/2026-0124","GRANICUS AT CARAHSOFT - AGREEMENT FOR COMMUNICATIONS CLOUD AND GOVACCESS SUBSCRIPTION SERVICES","Granicus / Carahsoft","Software/SaaS/Subscriptions/IT",,"CLERK INDEX METADATA ONLY",,"NEEDS VERIFICATION","NEEDS VERIFICATION","FOUND","N/A","MISSING","MISSING","MISSING",,,,,"https://dmcc.clayclerk.com/Documents/Download/17616","Clerk index metadata verified; document terms and payment chain require document-level review."
"FY2025-26",,"Renewals/Extensions/Amendments","2026-04-06","2020/2021-239 AM4","FLORIDA DEPARTMENT OF AGRICULTURE AND CONSUMER SERVICES - PAHSE 1 FAIRGROUND IMPROVEMENTS","PAHSE 1 FAIRGROUND IMPROVEMENTS","Other",,"CLERK INDEX METADATA ONLY",,"NEEDS VERIFICATION","NEEDS VERIFICATION","NEEDS VERIFICATION","FOUND","MISSING","MISSING","MISSING",,,,"2020/2021-239","https://dmcc.clayclerk.com/Documents/Download/17619","Clerk index metadata verified; document terms and payment chain require document-level review."
"FY2025-26",,"Renewals/Extensions/Amendments","2026-04-06","2023/2024-157 RN1","FIRST RENEWAL TO HOOPLA® DIGITAL MEDIA AGREEMENT - MIDWEST HOOPLA DIGITAL MEDIA","MIDWEST HOOPLA DIGITAL MEDIA","Software/SaaS/Subscriptions/IT",,"CLERK INDEX METADATA ONLY",,"NEEDS VERIFICATION","NEEDS VERIFICATION","NEEDS VERIFICATION","FOUND","MISSING","MISSING","MISSING",,,,"2023/2024-157","https://dmcc.clayclerk.com/Documents/Download/17625","Clerk index metadata verified; document terms and payment chain require document-level review."
"FY2025-26",,"Agreement/Contract","2026-04-06","2025/2026-0126","AGREEMENT FOR CONSTRUCTION OF CLAY COUNTY FIRE STATION NO. 24 - SCORPIO CORPORATION","SCORPIO CORPORATION","Fire/EMS",,"CLERK INDEX METADATA ONLY",,"NEEDS VERIFICATION","NEEDS VERIFICATION","FOUND","N/A","MISSING","MISSING","MISSING",,,,,"https://dmcc.clayclerk.com/Documents/Download/18584","Clerk index metadata verified; document terms and payment chain require document-level review."
"FY2025-26",,"Agreement/Contract","2026-04-06","2025/2026-0127","TOURIST DEVELOPMENT COUNCIL SPORTS EVENT GRANT FUNDING AGREEMENT - INSPIRE NATIONAL DANCE COMPETITION",,"Grants/Interlocal Agreements",,"CLERK INDEX METADATA ONLY",,"N/A","N/A","FOUND","N/A","N/A","N/A","N/A",,,,,"https://dmcc.clayclerk.com/Documents/Download/18592","Clerk index metadata verified; document terms and payment chain require document-level review."
"FY2025-26",,"Renewals/Extensions/Amendments","2026-04-06","2025/2026-53 AM1","FIRST AMENDMENT TO AGREEMENT FOR OLD JENNINGS AND LONG BAY TRAFFIC SIGNAL AND INTERSECTION IMPROVEMENTS - CHINCHOR ELECTRIC","CHINCHOR ELECTRIC","Roads/Transportation",,"CLERK INDEX METADATA ONLY",,"NEEDS VERIFICATION","NEEDS VERIFICATION","NEEDS VERIFICATION","FOUND","MISSING","MISSING","MISSING",,,,"2025/2026-53","https://dmcc.clayclerk.com/Documents/Download/17626","Clerk index metadata verified; document terms and payment chain require document-level review."
"FY2025-26",,"Renewals/Extensions/Amendments","2026-04-07","2024/2025-30 AM3","THIRD AMENDMENT TO AGREEMENT FOR CR 220 WIDENING – PHASE 1 - KIRBY","KIRBY","Roads/Transportation",,"CLERK INDEX METADATA ONLY",,"NEEDS VERIFICATION","NEEDS VERIFICATION","NEEDS VERIFICATION","FOUND","MISSING","MISSING","MISSING",,,,"2024/2025-30","https://dmcc.clayclerk.com/Documents/Download/17622","Clerk index metadata verified; document terms and payment chain require document-level review."
"FY2025-26",,"Renewals/Extensions/Amendments","2026-04-07","2024/2025-62 AM1","FIRST AMENDMENT TO AGREEMENT FOR PUBLIC SAFETY RADIO TOWER REPLACEMENT AT SLEEPY HOLLOW AND MULTIPROTOCOL LABEL SWITCHING (MPLS) - MOTOROLA","Motorola Solutions","Software/SaaS/Subscriptions/IT",,"CLERK INDEX METADATA ONLY",,"NEEDS VERIFICATION","NEEDS VERIFICATION","NEEDS VERIFICATION","FOUND","MISSING","MISSING","MISSING",,,,"2024/2025-62","https://dmcc.clayclerk.com/Documents/Download/18598","Clerk index metadata verified; document terms and payment chain require document-level review."
"FY2025-26",,"Agreement/Contract","2026-04-07","2025/2026-0129","TOURIST DEVELOPMENT COUNCIL SPORTS EVENT GRANT FUNDING AGREEMENT - HUB JAX USAP GOLDEN TICKET",,"Grants/Interlocal Agreements",,"CLERK INDEX METADATA ONLY",,"N/A","N/A","FOUND","N/A","N/A","N/A","N/A",,,,,"https://dmcc.clayclerk.com/Documents/Download/17624","Clerk index metadata verified; document terms and payment chain require document-level review."
"FY2025-26",,"Agreement/Contract","2026-04-07","2025/2026-0130","TOURIST DEVELOPMENT COUNCIL SPORTS EVENT GRANT FUNDING AGREEMENT - AMERICAN JUNIOR GOLF ASSOCIATION",,"Grants/Interlocal Agreements",,"CLERK INDEX METADATA ONLY",,"N/A","N/A","FOUND","N/A","N/A","N/A","N/A",,,,,"https://dmcc.clayclerk.com/Documents/Download/17623","Clerk index metadata verified; document terms and payment chain require document-level review."
"FY2025-26",,"Agreement/Contract","2026-04-07","2025/2026-0131","AGREEMENT FOR PHYSICALS AND DRUG TESTING FOR NON-UNION AND PUBLIC SAFETY PERSONNEL - LIFE EXTENSION CLINICS","LIFE EXTENSION CLINICS","Public Safety",,"CLERK INDEX METADATA ONLY",,"NEEDS VERIFICATION","NEEDS VERIFICATION","FOUND","N/A","MISSING","MISSING","MISSING",,,,,"https://dmcc.clayclerk.com/Documents/Download/18610","Clerk index metadata verified; document terms and payment chain require document-level review."
"FY2025-26",,"Agreement/Contract","2026-04-07","2025/2026-0132","AGREEMENT FOR PHYSICALS AND DRUG TESTING FOR NON-UNION AND PUBLIC SAFETY PERSONNEL - URGENT LAB","URGENT LAB","Public Safety",,"CLERK INDEX METADATA ONLY",,"NEEDS VERIFICATION","NEEDS VERIFICATION","FOUND","N/A","MISSING","MISSING","MISSING",,,,,"https://dmcc.clayclerk.com/Documents/Download/17627","Clerk index metadata verified; document terms and payment chain require document-level review."
"FY2025-26",,"Renewals/Extensions/Amendments","2026-04-08","2022/2023-210 RN1","FIRST RENEWAL TO SHIP DOWN PAYMENT ASSISTANCE FUNDING AGREEMENT - HOUSING FINANCE AUTHORITY OF CLAY COUNTY - SHIP DOWN PAYMENT ASSISTANCE FUNDING AGREEMENT",,"Grants/Interlocal Agreements",,"CLERK INDEX METADATA ONLY",,"N/A","N/A","NEEDS VERIFICATION","FOUND","N/A","N/A","N/A",,,,"2022/2023-210","https://dmcc.clayclerk.com/Documents/Download/18585","Clerk index metadata verified; document terms and payment chain require document-level review."
"FY2025-26",,"Renewals/Extensions/Amendments","2026-04-08","2024/2025-66 AM2","SECOND AMENDMENT TO INTERLOCAL - CLAY COUNTY, FL AND CITY OF GCS, FLORIDA - USE OF COUNTY'S GRANT STAFF FOR GRANT RESEARCH AND WRITING ASSISTANCE",,"Grants/Interlocal Agreements",,"CLERK INDEX METADATA ONLY",,"N/A","N/A","NEEDS VERIFICATION","FOUND","N/A","N/A","N/A",,,,"2024/2025-66","https://dmcc.clayclerk.com/Documents/Download/17629","Clerk index metadata verified; document terms and payment chain require document-level review."
"FY2025-26",,"Agreement/Contract","2026-04-10","2025/2026-0134","AGREEMENT FOR PHYSICALS AND DRUG TESTING FOR NON-UNION AND PUBLIC SAFETY PERSONNEL - PHYSICALS AND DRUG TESTING","PHYSICALS AND DRUG TESTING","Public Safety",,"CLERK INDEX METADATA ONLY",,"NEEDS VERIFICATION","NEEDS VERIFICATION","FOUND","N/A","MISSING","MISSING","MISSING",,,,,"https://dmcc.clayclerk.com/Documents/Download/18583","Clerk index metadata verified; document terms and payment chain require document-level review."
"FY2025-26",,"Agreement/Contract","2026-04-10","2025/2026-0135","AGREEMENT FOR PHYSICALS AND DRUG TESTING FOR NON-UNION AND PUBLIC SAFETY PERSONNEL - ST. VINCENTS FULL SERVICE URGENT CARE","ST. VINCENTS FULL SERVICE URGENT CARE","Public Safety",,"CLERK INDEX METADATA ONLY",,"NEEDS VERIFICATION","NEEDS VERIFICATION","FOUND","N/A","MISSING","MISSING","MISSING",,,,,"https://dmcc.clayclerk.com/Documents/Download/18607","Clerk index metadata verified; document terms and payment chain require document-level review."
"FY2025-26",,"Agreement/Contract","2026-04-10","2025/2026-0137","LINKEDIN CORPORATION - LIBRARY ACCESS - LEARNING CONTENT","LinkedIn Corporation","Software/SaaS/Subscriptions/IT",,"CLERK INDEX METADATA ONLY",,"NEEDS VERIFICATION","NEEDS VERIFICATION","FOUND","N/A","MISSING","MISSING","MISSING",,,,,"https://dmcc.clayclerk.com/Documents/Download/18582","Clerk index metadata verified; document terms and payment chain require document-level review."
"FY2025-26",,"Agreement/Contract","2026-04-10","2025/2026-0138","AGREEMENT FOR PHYSICALS AND DRUG TESTING FOR NON-UNION AND PUBLIC SAFETY PERSONNEL - CLAYMED OF NORT FLORIDA","CLAYMED OF NORT FLORIDA","Public Safety",,"CLERK INDEX METADATA ONLY",,"NEEDS VERIFICATION","NEEDS VERIFICATION","FOUND","N/A","MISSING","MISSING","MISSING",,,,,"https://dmcc.clayclerk.com/Documents/Download/18591","Clerk index metadata verified; document terms and payment chain require document-level review."
"FY2025-26",,"Agreement/Contract","2026-04-13","2025/2026-0136","AGREEMENT FOR STORMWATER POND MOWING SERVICES - NORTH FLORIDA LAWN MAINTENANCE","NORTH FLORIDA LAWN MAINTENANCE","Stormwater/Drainage",,"CLERK INDEX METADATA ONLY",,"NEEDS VERIFICATION","NEEDS VERIFICATION","FOUND","N/A","MISSING","MISSING","MISSING",,,,,"https://dmcc.clayclerk.com/Documents/Download/18588","Clerk index metadata verified; document terms and payment chain require document-level review."
"FY2025-26",,"Renewals/Extensions/Amendments","2026-04-14","2019/2020-113 AM9","TYLER TECHNOLOGIES - REMOVE SERVICES NOT UTILIZED BY COUNTY","Tyler Technologies","Software/SaaS/Subscriptions/IT",,"CLERK INDEX METADATA ONLY",,"NEEDS VERIFICATION","NEEDS VERIFICATION","NEEDS VERIFICATION","FOUND","MISSING","MISSING","MISSING",,,,"2019/2020-113","https://dmcc.clayclerk.com/Documents/Download/18604","Clerk index metadata verified; document terms and payment chain require document-level review."
"FY2025-26",,"Renewals/Extensions/Amendments","2026-04-14","2020/2021-219 WO4","FDOT HIGHWAY LIGHTING WORKORDER",,"Roads/Transportation",,"CLERK INDEX METADATA ONLY",,"N/A","N/A","NEEDS VERIFICATION","FOUND","N/A","N/A","N/A",,,,"2020/2021-219 WO4","https://dmcc.clayclerk.com/Documents/Download/18605","Clerk index metadata verified; document terms and payment chain require document-level review."
"FY2025-26",,"Renewals/Extensions/Amendments","2026-04-14","2022/2023-182 RN2","SECOND RENEWAL TO AGREEMENT FOR AMERICAN SIGN LANGUAGE INTERPRETTING SERVICES - ALONZO SIGN LANGUAGE","ALONZO SIGN LANGUAGE","Health/Human Services",,"CLERK INDEX METADATA ONLY",,"NEEDS VERIFICATION","NEEDS VERIFICATION","NEEDS VERIFICATION","FOUND","MISSING","MISSING","MISSING",,,,"2022/2023-182","https://dmcc.clayclerk.com/Documents/Download/18594","Clerk index metadata verified; document terms and payment chain require document-level review."
"FY2025-26",,"Agreement/Contract","2026-04-14","2025/2026-0109","TOURIST DEVELOPMENT COUNCIL SPORTS EVENT GRANT FUNDING AGREEMENT SPORTS EVENT GRANT FUNDING AGREEMENT - CLAY COUNTY SOCCER CLUB",,"Grants/Interlocal Agreements",,"CLERK INDEX METADATA ONLY",,"N/A","N/A","FOUND","N/A","N/A","N/A","N/A",,,,,"https://dmcc.clayclerk.com/Documents/Download/18595","Clerk index metadata verified; document terms and payment chain require document-level review."
"FY2025-26",,"Agreement/Contract","2026-04-14","2025/2026-0118","LETTER OF INTENT TO ACQUIRE 44+ ACRES OF PROPERTY IN GREEN COVE SPRINGS, FLORIDA - CLAY COUNTY",,"Land/Leases/Real Estate",,"CLERK INDEX METADATA ONLY",,"N/A","N/A","FOUND","N/A","N/A","N/A","N/A",,,,,"https://dmcc.clayclerk.com/Documents/Download/18606","Clerk index metadata verified; document terms and payment chain require document-level review."
"FY2025-26",,"Agreement/Contract","2026-04-14","2025/2026-0133","PERRY WEATHER - SOFTWARE - OUTDDOR WARNING - LIGHTING DETECTION AND ALARM DEVICE FOR REGIONAL SPORTS COMPLEX","Perry Weather","Software/SaaS/Subscriptions/IT",,"CLERK INDEX METADATA ONLY",,"NEEDS VERIFICATION","NEEDS VERIFICATION","FOUND","N/A","MISSING","MISSING","MISSING",,,,,"https://dmcc.clayclerk.com/Documents/Download/18586","Clerk index metadata verified; document terms and payment chain require document-level review."
"FY2025-26",,"Agreement/Contract","2026-04-14","2025/2026-0144","AGREEMENT FOR DISASTER DEBRIS REMOVAL SERVICES [PRIMARY CONTRACTOR] - TFR, INC","TFR, INC","Environmental/Mosquito",,"CLERK INDEX METADATA ONLY",,"NEEDS VERIFICATION","NEEDS VERIFICATION","FOUND","N/A","MISSING","MISSING","MISSING",,,,,"https://dmcc.clayclerk.com/Documents/Download/18599","Clerk index metadata verified; document terms and payment chain require document-level review."
"FY2025-26",,"Agreement/Contract","2026-04-14","2025/2026-0145","AGREEMENT FOR DISASTER DEBRIS REMOVAL SERVICES [SECONDARY CONTRACTOR] - CROWDERGULF DEBRIS REMOVAL","CROWDERGULF DEBRIS REMOVAL","Environmental/Mosquito",,"CLERK INDEX METADATA ONLY",,"NEEDS VERIFICATION","NEEDS VERIFICATION","FOUND","N/A","MISSING","MISSING","MISSING",,,,,"https://dmcc.clayclerk.com/Documents/Download/18602","Clerk index metadata verified; document terms and payment chain require document-level review."
"FY2025-26",,"Agreement/Contract","2026-04-14","2025/2026-0146","AGREEMENT FOR DISASTER DEBRIS REMOVAL SERVICES - [TERTIARY CONTRACTOR] - TERTIARY","TERTIARY","Environmental/Mosquito",,"CLERK INDEX METADATA ONLY",,"NEEDS VERIFICATION","NEEDS VERIFICATION","FOUND","N/A","MISSING","MISSING","MISSING",,,,,"https://dmcc.clayclerk.com/Documents/Download/18611","Clerk index metadata verified; document terms and payment chain require document-level review."
"FY2025-26",,"Agreement/Contract","2026-04-14","2025/2026-142","LANDSCAPE AND MAINTENANCE AGREEMENT - FLEMING ISLAND FAMILY CHIROPRACTIC, INC","FLEMING ISLAND FAMILY CHIROPRACTIC, INC","Other",,"CLERK INDEX METADATA ONLY",,"NEEDS VERIFICATION","NEEDS VERIFICATION","FOUND","N/A","MISSING","MISSING","MISSING",,,,,"https://dmcc.clayclerk.com/Documents/Download/18820","Clerk index metadata verified; document terms and payment chain require document-level review."
"FY2025-26",,"Renewals/Extensions/Amendments","2026-04-15","2023/2024-193 RN2","SECONF RENEWAL TO AGREEMENT FOR PADDLEBOARD AND KAYAK RENTAL STATIONS - RN2 PADL, LLC","RN2 PADL, LLC","Parks/Recreation",,"CLERK INDEX METADATA ONLY",,"NEEDS VERIFICATION","NEEDS VERIFICATION","NEEDS VERIFICATION","FOUND","MISSING","MISSING","MISSING",,,,"2023/2024-193","https://dmcc.clayclerk.com/Documents/Download/18696","Clerk index metadata verified; document terms and payment chain require document-level review."
"FY2025-26",,"Agreement/Contract","2026-04-15","2025/2026-0140","INTERLOCAL AGREEMENT FOR U.S. HUD SECTION 8 HOUSING ASSISTANCE PROGRAM, OFFICE SPACE LEASE, AND BUILDING INSPECTION SERVICES - FLAGLER HOUSING AUTHORITY",,"Engineering & Professional Services","Other Professional Services","CLERK INDEX METADATA ONLY",,"N/A","N/A","FOUND","N/A","N/A","N/A","N/A",,,,,"https://dmcc.clayclerk.com/Documents/Download/18590","Clerk index metadata verified; document terms and payment chain require document-level review."
"FY2025-26",,"Agreement/Contract","2026-04-17","2025/2026-0161","GRANT AGREEMENT FOR NONPROFIT FUNDING UNDER THE COUNTY’S COMMUNITY DEVELOPMENT BLOCK GRANT (CDBG) PROGRAM - IMPACT CLAY",,"Grants/Interlocal Agreements",,"CLERK INDEX METADATA ONLY",,"N/A","N/A","FOUND","N/A","N/A","N/A","N/A",,,,,"https://dmcc.clayclerk.com/Documents/Download/18668","Clerk index metadata verified; document terms and payment chain require document-level review."
"FY2025-26",,"Agreement/Contract","2026-04-17","2025/2026-0162","GRANT AGREEMENT FOR NONPROFIT FUNDING UNDER THE COUNTY’S COMMUNITY DEVELOPMENT BLOCK GRANT (CDBG) PROGRAM - SEEDS OF GRACE",,"Grants/Interlocal Agreements",,"CLERK INDEX METADATA ONLY",,"N/A","N/A","FOUND","N/A","N/A","N/A","N/A",,,,,"https://dmcc.clayclerk.com/Documents/Download/18673","Clerk index metadata verified; document terms and payment chain require document-level review."
"FY2025-26",,"Agreement/Contract","2026-04-20","2025/2026-0143","AGREEMENT FOR MOODY PARK NATIONAL FITNESS CAMPAIGN SLAB - JAX UTILITIES MANAGEMENT","JAX UTILITIES MANAGEMENT","Parks/Recreation",,"CLERK INDEX METADATA ONLY",,"NEEDS VERIFICATION","NEEDS VERIFICATION","FOUND","N/A","MISSING","MISSING","MISSING",,,,,"https://dmcc.clayclerk.com/Documents/Download/18596","Clerk index metadata verified; document terms and payment chain require document-level review."
"FY2025-26",,"Renewals/Extensions/Amendments","2026-04-21","2017/2018-69A EXT6","SIXTH EXTENSION TO INTELLIGENT MIDDLEWARE SOFTWARE DEVELOPMENT KIT LICENSE AGREEMENT - MOTIROLA SOLUTIONS","Motorola Solutions","Software/SaaS/Subscriptions/IT",,"CLERK INDEX METADATA ONLY",,"NEEDS VERIFICATION","NEEDS VERIFICATION","NEEDS VERIFICATION","FOUND","MISSING","MISSING","MISSING",,,,"2017/2018-69A","https://dmcc.clayclerk.com/Documents/Download/18762","Clerk index metadata verified; document terms and payment chain require document-level review."
"FY2025-26",,"Renewals/Extensions/Amendments","2026-04-21","2024/2025-72 AM7","SEVENTH AMENDMENT TO AGREEMENT FOR CLAY COUNTY ANIMAL SERVICES SHELTER AND CARE FACILITY - E. VAUGHN RIVERS","E. VAUGHN RIVERS","Construction/Repairs/Facilities",,"CLERK INDEX METADATA ONLY",,"NEEDS VERIFICATION","NEEDS VERIFICATION","NEEDS VERIFICATION","FOUND","MISSING","MISSING","MISSING",,,,"2024/2025-72","https://dmcc.clayclerk.com/Documents/Download/18618","Clerk index metadata verified; document terms and payment chain require document-level review."
"FY2025-26",,"Renewals/Extensions/Amendments","2026-04-23","2023/2024-173 RN1","FIRST RENEWAL AND AMENDMENT TO AGREEMENT FOR PROFESSIONAL ARCHITECTURAL CONTINUING SERVICES - POND AND COMPANY","POND AND COMPANY","Stormwater/Drainage",,"CLERK INDEX METADATA ONLY",,"NEEDS VERIFICATION","NEEDS VERIFICATION","NEEDS VERIFICATION","FOUND","MISSING","MISSING","MISSING",,,,"2023/2024-173","https://dmcc.clayclerk.com/Documents/Download/18625","Clerk index metadata verified; document terms and payment chain require document-level review."
"FY2025-26",,"Agreement/Contract","2026-04-23","2025/2026-0147","AGREEMENT FOR THE PURCHASE AND INSTALLATION AGREEMENT FOR THE PURCHASE AND INSTALLATION - COMMERCIAL DESIGN SERVICES",,"Other",,"CLERK INDEX METADATA ONLY",,"N/A","N/A","FOUND","N/A","N/A","N/A","N/A",,,,,"https://dmcc.clayclerk.com/Documents/Download/18613","Clerk index metadata verified; document terms and payment chain require document-level review."
"FY2025-26",,"Renewals/Extensions/Amendments","2026-04-28","2021/2022-182 AM2 RN2","SECOND AMENDMENT AND RENEWAL TO SHIP GRANT FUNDING AGREEMENT 2021/2022-182 WITH MERCY SUPPORT SERVICES",,"Grants/Interlocal Agreements",,"CLERK INDEX METADATA ONLY",,"N/A","N/A","NEEDS VERIFICATION","FOUND","N/A","N/A","N/A",,,,"2021/2022-182","https://dmcc.clayclerk.com/Documents/Download/18674","Clerk index metadata verified; document terms and payment chain require document-level review."
"FY2025-26",,"Renewals/Extensions/Amendments","2026-04-28","2023/2024-172-RN1","FIRST RENEWAL AND AMENDMENT TO AGREEMENT FOR PROFESSIONAL ARCHITECTURAL CONTINUING SERVICES - CPH CONSULTING","CPH CONSULTING","Engineering & Professional Services","Architecture & Design","CLERK INDEX METADATA ONLY",,"NEEDS VERIFICATION","NEEDS VERIFICATION","NEEDS VERIFICATION","FOUND","MISSING","MISSING","MISSING",,,,"2023/2024-172-RN1","https://dmcc.clayclerk.com/Documents/Download/18614","Clerk index metadata verified; document terms and payment chain require document-level review."
"FY2025-26",,"Renewals/Extensions/Amendments","2026-04-28","2023/2024-269 AM3","UKG KRONOS SYSTEMS - ADDITIONAL SOFTWARE","UKG","Software/SaaS/Subscriptions/IT",,"CLERK INDEX METADATA ONLY",,"NEEDS VERIFICATION","NEEDS VERIFICATION","NEEDS VERIFICATION","FOUND","MISSING","MISSING","MISSING",,,,"2023/2024-269","https://dmcc.clayclerk.com/Documents/Download/18641","Clerk index metadata verified; document terms and payment chain require document-level review."
"FY2025-26",,"Renewals/Extensions/Amendments","2026-04-28","2023/2024-328 RN2","CARASHOFT GRANICUS - AGENDA AUTOMATION AND MEETING MANAGEMENT","Granicus / Carahsoft","Software/SaaS/Subscriptions/IT",,"CLERK INDEX METADATA ONLY",,"NEEDS VERIFICATION","NEEDS VERIFICATION","NEEDS VERIFICATION","FOUND","MISSING","MISSING","MISSING",,,,"2023/2024-328","https://dmcc.clayclerk.com/Documents/Download/18636","Clerk index metadata verified; document terms and payment chain require document-level review."
"FY2025-26",,"Renewals/Extensions/Amendments","2026-04-28","2024/2025-229 RN1","FIRST AMENDMENT AND RENEWAL TO AGREEMENT FOR CAMP CHOWENWAW PARK SWIMMING POOL MANAGEMENT, LIFEGUARD STAFFING, AND SWIM INSTRUCTION - ONE STOP AQUATIC SAFETY","ONE STOP AQUATIC SAFETY","Parks/Recreation",,"CLERK INDEX METADATA ONLY",,"NEEDS VERIFICATION","NEEDS VERIFICATION","NEEDS VERIFICATION","FOUND","MISSING","MISSING","MISSING",,,,"2024/2025-229","https://dmcc.clayclerk.com/Documents/Download/18620","Clerk index metadata verified; document terms and payment chain require document-level review."
"FY2025-26",,"Agreement/Contract","2026-04-28","2025/2026-0069","ADAMS REMCO US BANK COPIER LEASE",,"Equipment/Fleet",,"CLERK INDEX METADATA ONLY",,"N/A","N/A","FOUND","N/A","N/A","N/A","N/A",,,,,"https://dmcc.clayclerk.com/Documents/Download/18621","Clerk index metadata verified; document terms and payment chain require document-level review."
"FY2025-26",,"Agreement/Contract","2026-04-28","2025/2026-0139","FLORIDAS FIRST COAST OF GOLF - INVESTMENT REQUEST FY25","INVESTMENT REQUEST FY25","Tourism/Marketing",,"CLERK INDEX METADATA ONLY",,"NEEDS VERIFICATION","NEEDS VERIFICATION","FOUND","N/A","MISSING","MISSING","MISSING",,,,,"https://dmcc.clayclerk.com/Documents/Download/18615","Clerk index metadata verified; document terms and payment chain require document-level review."
"FY2025-26",,"Agreement/Contract","2026-04-28","2025/2026-0151","FRANCHISE AGREEMENT FOR CONTAINER SERVICE - DUMPSTERDUDEZ","DUMPSTERDUDEZ","Solid Waste/Franchises",,"CLERK INDEX METADATA ONLY",,"NEEDS VERIFICATION","NEEDS VERIFICATION","FOUND","N/A","MISSING","MISSING","MISSING",,,,,"https://dmcc.clayclerk.com/Documents/Download/18626","Clerk index metadata verified; document terms and payment chain require document-level review."
"FY2025-26",,"Agreement/Contract","2026-04-28","2025/2026-0152","FRANCHISE AGREEMENT FOR CONTAINER SERVICE - BEE DUMPSTER HAULING","BEE DUMPSTER HAULING","Solid Waste/Franchises",,"CLERK INDEX METADATA ONLY",,"NEEDS VERIFICATION","NEEDS VERIFICATION","FOUND","N/A","MISSING","MISSING","MISSING",,,,,"https://dmcc.clayclerk.com/Documents/Download/18651","Clerk index metadata verified; document terms and payment chain require document-level review."
"FY2025-26",,"Agreement/Contract","2026-04-28","2025/2026-0155","FLORIDAS FIRST COAST OF GOLF - FY26 CLAY MILITARY CAMPAIGN","FY26 CLAY MILITARY CAMPAIGN","Tourism/Marketing",,"CLERK INDEX METADATA ONLY",,"NEEDS VERIFICATION","NEEDS VERIFICATION","FOUND","N/A","MISSING","MISSING","MISSING",,,,,"https://dmcc.clayclerk.com/Documents/Download/18659","Clerk index metadata verified; document terms and payment chain require document-level review."
"FY2025-26",,"Renewals/Extensions/Amendments","2026-04-30","2023/2024-171 RN1","FIRST RENEWAL AND AMENDMENT TO AGREEMENT FOR PROFESSIONAL ARCHITECTURAL CONTINUING SERVICES- PASSERO ASSOCIATES",,"Engineering & Professional Services","Architecture & Design","CLERK INDEX METADATA ONLY",,"N/A","N/A","NEEDS VERIFICATION","FOUND","N/A","N/A","N/A",,,,"2023/2024-171","https://dmcc.clayclerk.com/Documents/Download/18617","Clerk index metadata verified; document terms and payment chain require document-level review."
"FY2025-26",,"Agreement/Contract","2026-04-30","2025/2026-0148","NORTHEAST FLORIDA SAFETY AND HEALTH - BUCKET TRUCK OPERATOR TRAINING","BUCKET TRUCK OPERATOR TRAINING","Training/Education",,"CLERK INDEX METADATA ONLY",,"NEEDS VERIFICATION","NEEDS VERIFICATION","FOUND","N/A","MISSING","MISSING","MISSING",,,,,"https://dmcc.clayclerk.com/Documents/Download/18616","Clerk index metadata verified; document terms and payment chain require document-level review."
"FY2025-26",,"Agreement/Contract","2026-04-30","2025/2026-0149","AGREEMENT FOR PHYSICALS AND DRUG TESTING FOR NON-UNION AND PUBLIC SAFETY PERSONNEL - CORPORATE HEALTH DBS PATH-PHYSICALS","CORPORATE HEALTH DBS PATH-PHYSICALS","Public Safety",,"CLERK INDEX METADATA ONLY",,"NEEDS VERIFICATION","NEEDS VERIFICATION","FOUND","N/A","MISSING","MISSING","MISSING",,,,,"https://dmcc.clayclerk.com/Documents/Download/18619","Clerk index metadata verified; document terms and payment chain require document-level review."
"FY2025-26",,"Agreement/Contract","2026-05-04","2025/2026-0153","AGREEMENT FOR INSTALLATION OF NATIONAL FITNESS CAMPAIGN OUTDOOR FITNESS COURT AT MOODY AVENUE PARK - NATIONWIDE FIXTURE INSTALLATIONS","NATIONWIDE FIXTURE INSTALLATIONS","Parks/Recreation",,"CLERK INDEX METADATA ONLY",,"NEEDS VERIFICATION","NEEDS VERIFICATION","FOUND","N/A","MISSING","MISSING","MISSING",,,,,"https://dmcc.clayclerk.com/Documents/Download/18637","Clerk index metadata verified; document terms and payment chain require document-level review."
"FY2025-26",,"Renewals/Extensions/Amendments","2026-05-06","2023/2024-190 AM1","FIRST AMENDMENT TO AGREEMENT FOR CONSTRUCTION OF IMPROVEMENTS ON CR 220 WEST OF LAKESHORE DRIVE WEST TO EAST OF OLD HARD ROAD - BESCH AND SMITH CIVIL GROUP","BESCH AND SMITH CIVIL GROUP","Roads/Transportation",,"CLERK INDEX METADATA ONLY",,"NEEDS VERIFICATION","NEEDS VERIFICATION","NEEDS VERIFICATION","FOUND","MISSING","MISSING","MISSING",,,,"2023/2024-190","https://dmcc.clayclerk.com/Documents/Download/18622","Clerk index metadata verified; document terms and payment chain require document-level review."
"FY2025-26",,"Renewals/Extensions/Amendments","2026-05-06","2024/2025-30 AM4","FOURTH AMENDMENT TO AGREEMENT FOR CR 220 WIDENING – PHASE 1 - KIRBY DEVELOPMENT","KIRBY DEVELOPMENT","Roads/Transportation",,"CLERK INDEX METADATA ONLY",,"NEEDS VERIFICATION","NEEDS VERIFICATION","NEEDS VERIFICATION","FOUND","MISSING","MISSING","MISSING",,,,"2024/2025-30","https://dmcc.clayclerk.com/Documents/Download/18754","Clerk index metadata verified; document terms and payment chain require document-level review."
"FY2025-26",,"Agreement/Contract","2026-05-06","2025/2026-0150","XONAR TRUEPORT AND TRUESCAN","Xonar","Software/SaaS/Subscriptions/IT",,"CLERK INDEX METADATA ONLY",,"NEEDS VERIFICATION","NEEDS VERIFICATION","FOUND","N/A","MISSING","MISSING","MISSING",,,,,"https://dmcc.clayclerk.com/Documents/Download/18624","Clerk index metadata verified; document terms and payment chain require document-level review."
"FY2025-26",,"Agreement/Contract","2026-05-06","2025/2026-0154","AGREEMENT FOR DIRT ROAD PAVING OF LAKEVIEW STREET AND HILLTOP STREET - MALOY GRADING CORPORATION","MALOY GRADING CORPORATION","Roads/Transportation",,"CLERK INDEX METADATA ONLY",,"NEEDS VERIFICATION","NEEDS VERIFICATION","FOUND","N/A","MISSING","MISSING","MISSING",,,,,"https://dmcc.clayclerk.com/Documents/Download/18623","Clerk index metadata verified; document terms and payment chain require document-level review."
"FY2025-26",,"Renewals/Extensions/Amendments","2026-05-08","2020/2021-219 WOS","STATE HIGHWAY LIGHTING AND MAINTENANACE AND COMPENSATION AGREEMENT WORK ORDER",,"Roads/Transportation",,"CLERK INDEX METADATA ONLY",,"N/A","N/A","NEEDS VERIFICATION","FOUND","N/A","N/A","N/A",,,,"2020/2021-219 WOS","https://dmcc.clayclerk.com/Documents/Download/18694","Clerk index metadata verified; document terms and payment chain require document-level review."
"FY2025-26",,"Agreement/Contract","2026-05-11","2025/2026-0158","FABRICATION OF CUSTOM SIGNS - CITY OF KEYSTONE HEIGHTS - UTILIZATION OF CLAY SIHN SHOP","UTILIZATION OF CLAY SIHN SHOP","Equipment/Fleet",,"CLERK INDEX METADATA ONLY",,"NEEDS VERIFICATION","NEEDS VERIFICATION","FOUND","N/A","MISSING","MISSING","MISSING",,,,,"https://dmcc.clayclerk.com/Documents/Download/18647","Clerk index metadata verified; document terms and payment chain require document-level review."
"FY2025-26",,"Renewals/Extensions/Amendments","2026-05-12","2021/2022-198 AM6","SIXTH AMENDMENT TO AGREEMENT FOR PROFESSIONAL ENGINEERING SERVICES FOR STORMWATER MODELING AND VULNERABILITY ASSESSMENT - JONES EDMUNDS AND ASSOCIATES","JONES EDMUNDS AND ASSOCIATES","Stormwater/Drainage",,"CLERK INDEX METADATA ONLY",,"NEEDS VERIFICATION","NEEDS VERIFICATION","NEEDS VERIFICATION","FOUND","MISSING","MISSING","MISSING",,,,"2021/2022-198","https://dmcc.clayclerk.com/Documents/Download/18679","Clerk index metadata verified; document terms and payment chain require document-level review."
"FY2025-26",,"Renewals/Extensions/Amendments","2026-05-12","2024/2025-164 AM3","THIRD AMENDMENT TO AGREEMENT FOR GREENWAY TRAIL AND PAVING PROJECT - BESCH AND SMITH CIVIL GROUP","BESCH AND SMITH CIVIL GROUP","Roads/Transportation",,"CLERK INDEX METADATA ONLY",,"NEEDS VERIFICATION","NEEDS VERIFICATION","NEEDS VERIFICATION","FOUND","MISSING","MISSING","MISSING",,,,"2024/2025-164","https://dmcc.clayclerk.com/Documents/Download/18649","Clerk index metadata verified; document terms and payment chain require document-level review."
"FY2025-26",,"Agreement/Contract","2026-05-12","2025/2026-0156","PROBLEM SOLVING COURT CASE MANAGER - VALERIE HENRY - ADULT DRUG COURT MENTAL HEALTH COURT AND VETERANS TREATMENT","ADULT DRUG COURT MENTAL HEALTH COURT AND VETERANS TREATMENT","Legal",,"CLERK INDEX METADATA ONLY",,"NEEDS VERIFICATION","NEEDS VERIFICATION","FOUND","N/A","MISSING","MISSING","MISSING",,,,,"https://dmcc.clayclerk.com/Documents/Download/18650","Clerk index metadata verified; document terms and payment chain require document-level review."
"FY2025-26",,"Renewals/Extensions/Amendments","2026-05-13","2025/2026-92 AM1","DEPARTMENT OF HEALTH - STORAGE OF BLOOD PRODUCTS","STORAGE OF BLOOD PRODUCTS","Health/Human Services",,"CLERK INDEX METADATA ONLY",,"NEEDS VERIFICATION","NEEDS VERIFICATION","NEEDS VERIFICATION","FOUND","MISSING","MISSING","MISSING",,,,"2025/2026-92","https://dmcc.clayclerk.com/Documents/Download/18648","Clerk index metadata verified; document terms and payment chain require document-level review."
"FY2025-26",,"Renewals/Extensions/Amendments","2026-05-14","2024/2025-292 AM1","FIRST AMENDMENT TO AGREEMENT FOR CLAY COUNTY COURTHOUSE RENOVATION - BORDEN CONSTRUCTION","BORDEN CONSTRUCTION","Construction/Repairs/Facilities",,"CLERK INDEX METADATA ONLY",,"NEEDS VERIFICATION","NEEDS VERIFICATION","NEEDS VERIFICATION","FOUND","MISSING","MISSING","MISSING",,,,"2024/2025-292","https://dmcc.clayclerk.com/Documents/Download/18677","Clerk index metadata verified; document terms and payment chain require document-level review."
"FY2025-26",,"Agreement/Contract","2026-05-15","2025/2026-0159","PATTERSON VETERNIARY SUPPLY - CLAY COUNTY ANIMAL SERVICES",,"Community/Nonprofit Agreements",,"CLERK INDEX METADATA ONLY",,"N/A","N/A","FOUND","N/A","N/A","N/A","N/A",,,,,"https://dmcc.clayclerk.com/Documents/Download/18712","Clerk index metadata verified; document terms and payment chain require document-level review."
"FY2025-26",,"Renewals/Extensions/Amendments","2026-05-18","2023/2024-197 RN1","FIRST RENEWAL AND AMENDMENT TO AGREEMENT FOR CONTINUOUS ASPHALT RESURFACING, PAVING AND SUPPLIES - KUDZUE 3 TRUCKING, INC","KUDZUE 3 TRUCKING, INC","Roads/Transportation",,"CLERK INDEX METADATA ONLY",,"NEEDS VERIFICATION","NEEDS VERIFICATION","NEEDS VERIFICATION","FOUND","MISSING","MISSING","MISSING",,,,"2023/2024-197","https://dmcc.clayclerk.com/Documents/Download/18676","Clerk index metadata verified; document terms and payment chain require document-level review."
"FY2025-26",,"Renewals/Extensions/Amendments","2026-05-18","2024/2025-41 AM4","FOURTH AMENDMENT TO AGREEMENT FOR CR 220 WIDENING – PHASE 2 - REEVES CONSTRUCTION","REEVES CONSTRUCTION","Roads/Transportation",,"CLERK INDEX METADATA ONLY",,"NEEDS VERIFICATION","NEEDS VERIFICATION","NEEDS VERIFICATION","FOUND","MISSING","MISSING","MISSING",,,,"2024/2025-41","https://dmcc.clayclerk.com/Documents/Download/18675","Clerk index metadata verified; document terms and payment chain require document-level review."
"FY2025-26",,"Agreement/Contract","2026-05-18","2025/2026-0160","AGREEMENT FOR CLAY COUNTY SHERIFF’S OFFICE BUILDING 500 RENOVATION - BROGDON BUILDERS","BROGDON BUILDERS","Sheriff/Jail",,"CLERK INDEX METADATA ONLY",,"NEEDS VERIFICATION","NEEDS VERIFICATION","FOUND","N/A","MISSING","MISSING","MISSING",,,,,"https://dmcc.clayclerk.com/Documents/Download/18661","Clerk index metadata verified; document terms and payment chain require document-level review."
"FY2025-26",,"Agreement/Contract","2026-05-18","2025/2026-0163","AGREEMENT FOR TILE REPLACEMENT AT CLAY COUNTY JAIL - TOWN OF FLOORS","TOWN OF FLOORS","Sheriff/Jail",,"CLERK INDEX METADATA ONLY",,"NEEDS VERIFICATION","NEEDS VERIFICATION","FOUND","N/A","MISSING","MISSING","MISSING",,,,,"https://dmcc.clayclerk.com/Documents/Download/18660","Clerk index metadata verified; document terms and payment chain require document-level review."
"FY2025-26",,"Renewals/Extensions/Amendments","2026-05-19","2023/2024-194 AM2","PLACER LABS, INC. - PLACER.AI","PLACER.AI","Software/SaaS/Subscriptions/IT",,"CLERK INDEX METADATA ONLY",,"NEEDS VERIFICATION","NEEDS VERIFICATION","NEEDS VERIFICATION","FOUND","MISSING","MISSING","MISSING",,,,"2023/2024-194","https://dmcc.clayclerk.com/Documents/Download/18670","Clerk index metadata verified; document terms and payment chain require document-level review."
"FY2025-26",,"Agreement/Contract","2026-05-19","2025/2026-0164","NORTHEAST FLORIDA SAFETY AND HEALTH - FORKLIFT TRAINING - PUBLIC WORKS","PUBLIC WORKS","Training/Education",,"CLERK INDEX METADATA ONLY",,"NEEDS VERIFICATION","NEEDS VERIFICATION","FOUND","N/A","MISSING","MISSING","MISSING",,,,,"https://dmcc.clayclerk.com/Documents/Download/18671","Clerk index metadata verified; document terms and payment chain require document-level review."
"FY2025-26",,"Agreement/Contract","2026-05-22","2025/2026-0165","BRINDLEE MOUNTAIN FIRE APPARATUS",,"Fire/EMS",,"CLERK INDEX METADATA ONLY",,"N/A","N/A","FOUND","N/A","N/A","N/A","N/A",,,,,"https://dmcc.clayclerk.com/Documents/Download/18672","Clerk index metadata verified; document terms and payment chain require document-level review."
"FY2025-26",,"Agreement/Contract","2026-05-26","2025/2026-0166","MOU - CLAY COUNTY AND FLORIDA DEPARTMENT OF LAW ENFORCEMENT - USAGE OF THE CLAY COUNTY GUN RANGE",,"Public Safety",,"CLERK INDEX METADATA ONLY",,"N/A","N/A","FOUND","N/A","N/A","N/A","N/A",,,,,"https://dmcc.clayclerk.com/Documents/Download/18682","Clerk index metadata verified; document terms and payment chain require document-level review."
"FY2025-26",,"Renewals/Extensions/Amendments","2026-05-27","2023/2024-105 SA5","LOCAL AGENCY PROGRAM SUPPLEMENTAL AGREEMENT - FDOT CR220","FDOT CR220","Roads/Transportation",,"CLERK INDEX METADATA ONLY",,"NEEDS VERIFICATION","NEEDS VERIFICATION","NEEDS VERIFICATION","FOUND","MISSING","MISSING","MISSING",,,,"2023/2024-105 SA5","https://dmcc.clayclerk.com/Documents/Download/18695","Clerk index metadata verified; document terms and payment chain require document-level review."
"FY2025-26",,"Renewals/Extensions/Amendments","2026-05-28","2024/2025-41 AM5","FIFTH AMENDMENT TO AGREEMENT FOR CR 220 WIDENING – PHASE 2 - REEVES","REEVES","Roads/Transportation",,"CLERK INDEX METADATA ONLY",,"NEEDS VERIFICATION","NEEDS VERIFICATION","NEEDS VERIFICATION","FOUND","MISSING","MISSING","MISSING",,,,"2024/2025-41","https://dmcc.clayclerk.com/Documents/Download/18678","Clerk index metadata verified; document terms and payment chain require document-level review."
"FY2025-26",,"Renewals/Extensions/Amendments","2026-06-02","2023/2024-196 RN1","FIRST RENEWAL AND AMENDMENT TO AGREEMENT FOR CONTINUOUS ASPHALT RESURFACING, PAVING AND SUPPLIES - HUBBARD","HUBBARD","Roads/Transportation",,"CLERK INDEX METADATA ONLY",,"NEEDS VERIFICATION","NEEDS VERIFICATION","NEEDS VERIFICATION","FOUND","MISSING","MISSING","MISSING",,,,"2023/2024-196","https://dmcc.clayclerk.com/Documents/Download/18688","Clerk index metadata verified; document terms and payment chain require document-level review."
"FY2025-26",,"Renewals/Extensions/Amendments","2026-06-03","2024/2025-306 AM3","PURCHASE ORDER AGREEMENT 2 - LSF PO122-2 CORE YR3","LSF PO122-2 CORE YR3","Health/Human Services",,"CLERK INDEX METADATA ONLY",,"NEEDS VERIFICATION","NEEDS VERIFICATION","NEEDS VERIFICATION","FOUND","MISSING","MISSING","MISSING",,,,"2024/2025-306","https://dmcc.clayclerk.com/Documents/Download/18697","Clerk index metadata verified; document terms and payment chain require document-level review."
"FY2025-26",,"Agreement/Contract","2026-06-03","2025/2026-0169","AGREEMENT FOR FIREFIGHTER GEAR STORAGE SHED CONSTRUCTION - BAKER CONSULTING","BAKER CONSULTING","Fire/EMS",,"CLERK INDEX METADATA ONLY",,"NEEDS VERIFICATION","NEEDS VERIFICATION","FOUND","N/A","MISSING","MISSING","MISSING",,,,,"https://dmcc.clayclerk.com/Documents/Download/18684","Clerk index metadata verified; document terms and payment chain require document-level review."
"FY2025-26",,"Agreement/Contract","2026-06-03","2025/2026-0170","ADMAS REMCO - ORANGE PARK LIBRARY PRINTER LEASE","ORANGE PARK LIBRARY PRINTER LEASE","Parks/Recreation",,"CLERK INDEX METADATA ONLY",,"NEEDS VERIFICATION","NEEDS VERIFICATION","FOUND","N/A","MISSING","MISSING","MISSING",,,,,"https://dmcc.clayclerk.com/Documents/Download/18685","Clerk index metadata verified; document terms and payment chain require document-level review."
"FY2025-26",,"Agreement/Contract","2026-06-03","2025/2026-0171","ADAMS REMCO - GREEN COVE SPRINGS LIBRARY PRINTER LEASE","GREEN COVE SPRINGS LIBRARY PRINTER LEASE","Equipment/Fleet",,"CLERK INDEX METADATA ONLY",,"NEEDS VERIFICATION","NEEDS VERIFICATION","FOUND","N/A","MISSING","MISSING","MISSING",,,,,"https://dmcc.clayclerk.com/Documents/Download/18686","Clerk index metadata verified; document terms and payment chain require document-level review."
"FY2025-26",,"Agreement/Contract","2026-06-03","2025/2026-0172","ADAMS REMCO - MIDDLEBURG CLAY HILL LIBRARY PRINTER LEASE","MIDDLEBURG CLAY HILL LIBRARY PRINTER LEASE","Equipment/Fleet",,"CLERK INDEX METADATA ONLY",,"NEEDS VERIFICATION","NEEDS VERIFICATION","FOUND","N/A","MISSING","MISSING","MISSING",,,,,"https://dmcc.clayclerk.com/Documents/Download/18687","Clerk index metadata verified; document terms and payment chain require document-level review."
"FY2025-26",,"Renewals/Extensions/Amendments","2026-06-04","2025/2026-24 AM1","FIRST AMENDMENT TO AGREEMENT FOR SIDEWALKS FOR THE COMMUNITY DEVELOPMENT BLOCK GRANT ENTITLEMENT PROGRAM - JAX UTILITIES MANAGEMENT","JAX UTILITIES MANAGEMENT","Roads/Transportation",,"CLERK INDEX METADATA ONLY",,"NEEDS VERIFICATION","NEEDS VERIFICATION","NEEDS VERIFICATION","FOUND","MISSING","MISSING","MISSING",,,,"2025/2026-24","https://dmcc.clayclerk.com/Documents/Download/18683","Clerk index metadata verified; document terms and payment chain require document-level review."
"FY2025-26",,"Renewals/Extensions/Amendments","2026-06-08","2022/2023-205 RN2","SECOND RENEWAL AND AMENDMENT TO AGREEMENT FOR MOWING SERVICES FOR CLAY COUNTY PARKS AND RECREATION - FL LAWN MEDICS","FL LAWN MEDICS","Parks/Recreation",,"CLERK INDEX METADATA ONLY",,"NEEDS VERIFICATION","NEEDS VERIFICATION","NEEDS VERIFICATION","FOUND","MISSING","MISSING","MISSING",,,,"2022/2023-205","https://dmcc.clayclerk.com/Documents/Download/18689","Clerk index metadata verified; document terms and payment chain require document-level review."
"FY2025-26",,"Renewals/Extensions/Amendments","2026-06-08","2023/2024-256 AM4","FOURTH AMENDMENT TO PHASE 2 CONSTRUCTION MANAGEMENT AT RISK (CMAR) CONSTRUCTION AGREEMENT FOR THE CLAY COUNTY BUILDING/ECONOMIC DEVELOPMENT SERVICES FACILITY - SCORPIO","SCORPIO","Construction/Repairs/Facilities",,"CLERK INDEX METADATA ONLY",,"NEEDS VERIFICATION","NEEDS VERIFICATION","NEEDS VERIFICATION","FOUND","MISSING","MISSING","MISSING",,,,"2023/2024-256","https://dmcc.clayclerk.com/Documents/Download/18690","Clerk index metadata verified; document terms and payment chain require document-level review."
"FY2025-26",,"Agreement/Contract","2026-06-08","2025/2026-167","GRANT AGREEMENT - STATE OF FLORIDA DEPARTMENT OF STATE - GRANT AWARD - ARCHIVE BUILDING",,"Construction/Repairs/Facilities",,"CLERK INDEX METADATA ONLY",,"N/A","N/A","FOUND","N/A","N/A","N/A","N/A",,,,,"https://dmcc.clayclerk.com/Documents/Download/18826","Clerk index metadata verified; document terms and payment chain require document-level review."
"FY2025-26",,"Renewals/Extensions/Amendments","2026-06-09","2022/2023-201 AM3 RN1","FIRST RENEWAL AND THIRD AMENDMENT TO AGREEMENT FOR TOURISM ADVERTISING AGENCY",,"Tourism/Marketing",,"CLERK INDEX METADATA ONLY",,"N/A","N/A","NEEDS VERIFICATION","FOUND","N/A","N/A","N/A",,,,"2022/2023-201","https://dmcc.clayclerk.com/Documents/Download/18639","Clerk index metadata verified; document terms and payment chain require document-level review."
"FY2025-26",,"Renewals/Extensions/Amendments","2026-06-09","2022/2023-306 RN1","FIRST RENEWAL TO PRECONSTRUCTION MASTER AGREEMENT FOR CONSTRUCTION MANAGEMENT AT RISK SERVICES FOR PUBLIC SAFETY FACILITIES - AJAX BUILDING COMPANY","AJAX BUILDING COMPANY","Public Safety",,"CLERK INDEX METADATA ONLY",,"NEEDS VERIFICATION","NEEDS VERIFICATION","NEEDS VERIFICATION","FOUND","MISSING","MISSING","MISSING",,,,"2022/2023-306","https://dmcc.clayclerk.com/Documents/Download/18769","Clerk index metadata verified; document terms and payment chain require document-level review."
"FY2025-26",,"Renewals/Extensions/Amendments","2026-06-09","2024/2025-72 AM18","EIGHTH AMENDMENT TO AGREEMENT FOR CLAY COUNTY ANIMAL SERVICES SHELTER AND CARE FACILITY - E. VAUGHAN RIVERS","E. VAUGHAN RIVERS","Construction/Repairs/Facilities",,"CLERK INDEX METADATA ONLY",,"NEEDS VERIFICATION","NEEDS VERIFICATION","NEEDS VERIFICATION","FOUND","MISSING","MISSING","MISSING",,,,"2024/2025-72","https://dmcc.clayclerk.com/Documents/Download/18691","Clerk index metadata verified; document terms and payment chain require document-level review."
"FY2025-26",,"Renewals/Extensions/Amendments","2026-06-09","2024/2025-72 AM8","EIGHTH AMENDMENT TO AGREEMENT FOR CLAY COUNTY ANIMAL SERVICES SHELTER AND CARE FACILITY - E. VAUGHN RIVERS","E. VAUGHN RIVERS","Construction/Repairs/Facilities",,"CLERK INDEX METADATA ONLY",,"NEEDS VERIFICATION","NEEDS VERIFICATION","NEEDS VERIFICATION","FOUND","MISSING","MISSING","MISSING",,,,"2024/2025-72","https://dmcc.clayclerk.com/Documents/Download/18693","Clerk index metadata verified; document terms and payment chain require document-level review."
"FY2025-26","25/26-084","Agreement/Contract","2026-06-09","2025/2026-0173","AGREEMENT FOR MOSQUITO CONTROL PROGRAM SERVICES - VECTOR DISEASE CONTROL INTERNATIONAL","Vector Disease Control International","Environmental/Mosquito",,"SUBSTANTIVE OFFICIAL DOCUMENT REVIEWED","https://claycounty.novusagenda.com/agendapublic/CoverSheet.aspx?ItemID=16851&MeetingID=2160","FOUND","FOUND","FOUND","N/A","MISSING","MISSING","MISSING",,,,,"https://dmcc.clayclerk.com/Documents/Download/18727","Routine service price verified at $25,571 monthly less a $1,800 monthly county-facility credit; as-needed work and actual payments remain unverified."
"FY2025-26",,"Agreement/Contract","2026-06-09","2025/2026-0175","AGREEMENT FOR CONTINUING PROFESSIONAL SERVICES FOR PLANNING AND STUDY SERVICES - BAXTER-WOODMAN","BAXTER-WOODMAN","Engineering & Professional Services","Planning & Study","CLERK INDEX METADATA ONLY",,"NEEDS VERIFICATION","NEEDS VERIFICATION","FOUND","N/A","MISSING","MISSING","MISSING",,,,,"https://dmcc.clayclerk.com/Documents/Download/18737","Clerk index metadata verified; document terms and payment chain require document-level review."
"FY2025-26",,"Agreement/Contract","2026-06-09","2025/2026-0177","AGREEMENT FOR CONTINUING PROFESSIONAL SERVICES FOR GEOTECHNICAL SERVICES",,"Engineering & Professional Services","Geotechnical","CLERK INDEX METADATA ONLY",,"N/A","N/A","FOUND","N/A","N/A","N/A","N/A",,,,,"https://dmcc.clayclerk.com/Documents/Download/18715","Clerk index metadata verified; document terms and payment chain require document-level review."
"FY2025-26",,"Agreement/Contract","2026-06-09","2025/2026-0178","AGREEMENT FOR CONTINUING PROFESSIONAL SERVICES FOR CIVIL ENGINEERING TRANSPORTATION TRAFFIC ENGINEERING AND LANDSCAPE ARCHITECTURAL SERVICES",,"Engineering & Professional Services","Architecture & Design","CLERK INDEX METADATA ONLY",,"N/A","N/A","FOUND","N/A","N/A","N/A","N/A",,,,,"https://dmcc.clayclerk.com/Documents/Download/18716","Clerk index metadata verified; document terms and payment chain require document-level review."
"FY2025-26",,"Agreement/Contract","2026-06-09","2025/2026-0179","AGREEMENT FOR CONTINUING PROFESSIONAL SERVICES FOR CIVIL ENGINEERING TRANSPORTATION TRAFFIC ENGINEERING AND LANDSCAPE ARCHITECTURAL SERVICES AND STRUCTURAL ENGINEERING SERVICES",,"Engineering & Professional Services","Architecture & Design","CLERK INDEX METADATA ONLY",,"N/A","N/A","FOUND","N/A","N/A","N/A","N/A",,,,,"https://dmcc.clayclerk.com/Documents/Download/18717","Clerk index metadata verified; document terms and payment chain require document-level review."
"FY2025-26",,"Agreement/Contract","2026-06-09","2025/2026-0180","AGREEMENT FOR CONTINUING PROFESSIONAL SERVICES FOR CIVIL ENGINEERING SERVICES - JONES EDMUNDS","JONES EDMUNDS","Engineering & Professional Services","Civil / Transportation","CLERK INDEX METADATA ONLY",,"NEEDS VERIFICATION","NEEDS VERIFICATION","FOUND","N/A","MISSING","MISSING","MISSING",,,,,"https://dmcc.clayclerk.com/Documents/Download/18718","Clerk index metadata verified; document terms and payment chain require document-level review."
"FY2025-26",,"Agreement/Contract","2026-06-09","2025/2026-0181","AGREEMENT FOR CONTINUING PROFESSIONAL SERVICES FOR CIVIL ENGINEERING, ENVIRONMENTAL, TRANSPORTATION, TRAFFIC ENGINEERING, PLANNING, LANDSCAPE ARCHITECTURAL, AND STRUCTURAL ENGINEERING SERVICES - KIMLEY-HORN","KIMLEY-HORN","Environmental/Mosquito",,"CLERK INDEX METADATA ONLY",,"NEEDS VERIFICATION","NEEDS VERIFICATION","FOUND","N/A","MISSING","MISSING","MISSING",,,,,"https://dmcc.clayclerk.com/Documents/Download/18719","Clerk index metadata verified; document terms and payment chain require document-level review."
"FY2025-26",,"Agreement/Contract","2026-06-09","2025/2026-0182","AGREEMENT FOR CONTINUING PROFESSIONAL SERIVES FOR GEOTECHNICAL SERVICES - UES","UES","Engineering & Professional Services","Geotechnical","CLERK INDEX METADATA ONLY",,"NEEDS VERIFICATION","NEEDS VERIFICATION","FOUND","N/A","MISSING","MISSING","MISSING",,,,,"https://dmcc.clayclerk.com/Documents/Download/18720","Clerk index metadata verified; document terms and payment chain require document-level review."
"FY2025-26",,"Agreement/Contract","2026-06-09","2025/2026-0183","AGREEMENT FOR CONTINUING PROFESSIONAL SERVICES FOR CIVIL ENGINEERING, ENVIRONMENTAL, TRANSPORTATION, TRAFFIC ENGINEERING, PLANNING, LANDSCAPE ARCHITECTURAL, AND STRUCTURAL ENGINEERING SERVICES WGI",,"Environmental/Mosquito",,"CLERK INDEX METADATA ONLY",,"N/A","N/A","FOUND","N/A","N/A","N/A","N/A",,,,,"https://dmcc.clayclerk.com/Documents/Download/18721","Clerk index metadata verified; document terms and payment chain require document-level review."
"FY2025-26",,"Agreement/Contract","2026-06-09","2025/2026-0184","CLAY COUNTY PARK LEASE AGREEMENT - PAUL C. ARMSTRONG - FLEMING ISLAND ATHLETIC ASSOCIATION",,"Parks/Recreation",,"CLERK INDEX METADATA ONLY",,"N/A","N/A","FOUND","N/A","N/A","N/A","N/A",,,,,"https://dmcc.clayclerk.com/Documents/Download/18735","Clerk index metadata verified; document terms and payment chain require document-level review."
"FY2025-26",,"Agreement/Contract","2026-06-09","2025/2026-0185","CLAY COUNTY PARK LEASE AGREEMENT - NEPTUNE PARK - FLEMING ISLAND ATHLETIC ASSOCAITION",,"Parks/Recreation",,"CLERK INDEX METADATA ONLY",,"N/A","N/A","FOUND","N/A","N/A","N/A","N/A",,,,,"https://dmcc.clayclerk.com/Documents/Download/18734","Clerk index metadata verified; document terms and payment chain require document-level review."
"FY2025-26",,"Agreement/Contract","2026-06-09","2025/2026-0186","CLAY COUNTY PARK LEASE AGREEMENT - CARL PUGH COMMUNITY PARK - GREEN CVOE SPRINGS BASEBALL/SOFTBALL ASSOCIATION",,"Parks/Recreation",,"CLERK INDEX METADATA ONLY",,"N/A","N/A","FOUND","N/A","N/A","N/A","N/A",,,,,"https://dmcc.clayclerk.com/Documents/Download/18733","Clerk index metadata verified; document terms and payment chain require document-level review."
"FY2025-26",,"Agreement/Contract","2026-06-09","2025/2026-0187","CLAY COUNTY PARK LEASE AGREEMENT - LITTLE RAIN LAKE PARK - LEASE AGREEMENT",,"Parks/Recreation",,"CLERK INDEX METADATA ONLY",,"N/A","N/A","FOUND","N/A","N/A","N/A","N/A",,,,,"https://dmcc.clayclerk.com/Documents/Download/18756","Clerk index metadata verified; document terms and payment chain require document-level review."
"FY2025-26",,"Agreement/Contract","2026-06-09","2025/2026-0188","CLAY COUNTY PARK LEASE AGREEMENT - TWIN LAKES COMMUNITY - KEYSTONE YOUTH SOCCER CLUB",,"Parks/Recreation",,"CLERK INDEX METADATA ONLY",,"N/A","N/A","FOUND","N/A","N/A","N/A","N/A",,,,,"https://dmcc.clayclerk.com/Documents/Download/18732","Clerk index metadata verified; document terms and payment chain require document-level review."
"FY2025-26",,"Agreement/Contract","2026-06-09","2025/2026-0189","CLAY COUNTY PARK LEASE AGREEMENT - OMEGA COMMUNITY PARK",,"Parks/Recreation",,"CLERK INDEX METADATA ONLY",,"N/A","N/A","FOUND","N/A","N/A","N/A","N/A",,,,,"https://dmcc.clayclerk.com/Documents/Download/18722","Clerk index metadata verified; document terms and payment chain require document-level review."
"FY2025-26",,"Agreement/Contract","2026-06-09","2025/2026-0190","CLAY COUNTY PARK LEASE AGREEMENT - OAKLEAF COMMUNITY PARK",,"Parks/Recreation",,"CLERK INDEX METADATA ONLY",,"N/A","N/A","FOUND","N/A","N/A","N/A","N/A",,,,,"https://dmcc.clayclerk.com/Documents/Download/18768","Clerk index metadata verified; document terms and payment chain require document-level review."
"FY2025-26",,"Agreement/Contract","2026-06-09","2025/2026-0194","FLORIDA HUMANITIES COUNCIL - AMERICA 250 BOOK COLLECTION GRANT","AMERICA 250 BOOK COLLECTION GRANT","Grants/Interlocal Agreements",,"CLERK INDEX METADATA ONLY",,"NEEDS VERIFICATION","NEEDS VERIFICATION","FOUND","N/A","MISSING","MISSING","MISSING",,,,,"https://dmcc.clayclerk.com/Documents/Download/18723","Clerk index metadata verified; document terms and payment chain require document-level review."
"FY2025-26",,"Renewals/Extensions/Amendments","2026-06-12","2024/2025-53 AM1","DEPARTMENT OF STATE GRANT AGREEMENT",,"Grants/Interlocal Agreements",,"CLERK INDEX METADATA ONLY",,"N/A","N/A","NEEDS VERIFICATION","FOUND","N/A","N/A","N/A",,,,"2024/2025-53","https://dmcc.clayclerk.com/Documents/Download/18805","Clerk index metadata verified; document terms and payment chain require document-level review."
"FY2025-26","25/26-074","Agreement/Contract","2026-06-12","2025/2026-0192","AGREEMENT FOR OAKLEAF COMMUNITY PARK DRAINAGE IMPROVEMENTS - H&H LAND AND MARINE","H&H Land and Marine, LLC","Stormwater/Drainage",,"SUBSTANTIVE OFFICIAL DOCUMENT REVIEWED","https://claycounty.novusagenda.com/agendapublic/MeetingView.aspx?MeetingID=2143&MinutesMeetingID=-1&doctype=Agenda","FOUND","FOUND","FOUND","N/A","MISSING","MISSING","MISSING","156770.2",,,,"https://dmcc.clayclerk.com/Documents/Download/18692","Clerk index metadata verified; document terms and payment chain require document-level review."
"FY2025-26",,"Agreement/Contract","2026-06-12","2025/2026-0198","ADOPT-A-MILE/SPOT PROGRAM LITTER REMOVAL AGREEMENT - OAKLEAF HIGH SCHOOL NJROTC",,"Community/Nonprofit Agreements",,"CLERK INDEX METADATA ONLY",,"N/A","N/A","FOUND","N/A","N/A","N/A","N/A",,,,,"https://dmcc.clayclerk.com/Documents/Download/18728","Clerk index metadata verified; document terms and payment chain require document-level review."
"FY2025-26","25/26-041","Agreement/Contract","2026-06-15","2025/2026-0193","AGREEMENT FOR CARL PUGH PARK DRAINAGE IMPROVEMENTS - KIRBY DEVELOPMENT","Kirby Development, Inc.","Stormwater/Drainage",,"SUBSTANTIVE OFFICIAL DOCUMENT REVIEWED","https://claycounty.novusagenda.com/agendapublic/CoverSheet.aspx?ItemID=16674&MeetingID=2143","FOUND","FOUND","FOUND","N/A","MISSING","MISSING","MISSING","250559.42","250559.42",,,"https://dmcc.clayclerk.com/Documents/Download/18731","Clerk index metadata verified; document terms and payment chain require document-level review."
"FY2025-26","25/26-017","Agreement/Contract","2026-06-17","2025/2026-0191","AGREEMENT FOR JAIL FIRE ALARM UPGRADE AT THE CLAY COUNTY JAIL - FIRETROL PROTECTION SYSTEMS","Firetrol Protection Systems, Inc.","Sheriff/Jail",,"SUBSTANTIVE OFFICIAL DOCUMENT REVIEWED","https://claycounty.novusagenda.com/agendapublic/MeetingView.aspx?MeetingID=2143&MinutesMeetingID=-1&doctype=Agenda","FOUND","FOUND","FOUND","N/A","MISSING","MISSING","MISSING","265476",,,,"https://dmcc.clayclerk.com/Documents/Download/18744","Clerk index metadata verified; document terms and payment chain require document-level review."
"FY2025-26",,"Agreement/Contract","2026-06-17","2025/2026-0195","TOURIST DEVELOPMENT COUNCIL SPORTS EVENT GRANT FUNDING AGREEMENT - IGNITE DANCE COMPETITION",,"Grants/Interlocal Agreements",,"CLERK INDEX METADATA ONLY",,"N/A","N/A","FOUND","N/A","N/A","N/A","N/A",,,,,"https://dmcc.clayclerk.com/Documents/Download/18729","Clerk index metadata verified; document terms and payment chain require document-level review."
"FY2025-26",,"Agreement/Contract","2026-06-17","2025/2026-0196","TOURIST DEVELOPMENT COUNCIL SPORTS EVENT GRANT FUNDING AGREEMENT - JC KITAIF PRO RODEOS",,"Grants/Interlocal Agreements",,"CLERK INDEX METADATA ONLY",,"N/A","N/A","FOUND","N/A","N/A","N/A","N/A",,,,,"https://dmcc.clayclerk.com/Documents/Download/18730","Clerk index metadata verified; document terms and payment chain require document-level review."
"FY2025-26",,"Agreement/Contract","2026-06-17","2025/2026-0197","TOURIST DEVELOPMENT COUNCIL SPORTS EVENT GRANT FUNDING AGREEMENT - J.GIERKE ENTERPRISES",,"Grants/Interlocal Agreements",,"CLERK INDEX METADATA ONLY",,"N/A","N/A","FOUND","N/A","N/A","N/A","N/A",,,,,"https://dmcc.clayclerk.com/Documents/Download/18738","Clerk index metadata verified; document terms and payment chain require document-level review."
"FY2025-26",,"Agreement/Contract","2026-06-23","2025/2026-0157","AGREEMENT FOR CYLINDER PRODUCT SUPPLY, RENTAL, AND DELIVERY SERVICES FOR CLAY COUNTY - AIRGAS USA","AIRGAS USA","Equipment/Fleet",,"CLERK INDEX METADATA ONLY",,"NEEDS VERIFICATION","NEEDS VERIFICATION","FOUND","N/A","MISSING","MISSING","MISSING",,,,,"https://dmcc.clayclerk.com/Documents/Download/18752","Clerk index metadata verified; document terms and payment chain require document-level review."
"FY2025-26","25/26-087","Procurement award","2026-06-24",,"EMS Medical Supplies — multiple award","10-vendor multiple award","Fire/EMS",,"SUBSTANTIVE OFFICIAL DOCUMENT REVIEWED","https://claycounty.novusagenda.com/agendapublic/MeetingView.aspx?MeetingID=2164&doctype=Agenda","FOUND","FOUND","MISSING","N/A","MISSING","MISSING","MISSING",,,,,"https://claycounty.novusagenda.com/agendapublic/MeetingView.aspx?MeetingID=2164&doctype=Agenda","Unit-price, as-needed award to ten vendors; no single ceiling stated. No executed agreement was matched in the Clerk sweep."
"FY2025-26",,"Renewals/Extensions/Amendments","2026-06-24","2020/2021-166 AM1 RN1","FIRST AMENDMENT AND RENEWAL TO MEMORANDUM OF UNDERSTANDING - RIDEOUT POINT RESERVE - INFRASTRUCTURE IMPROVEMENTS AND MAINTENANCE - NORTH FLORIDA LAND TRUST",,"Land/Leases/Real Estate",,"CLERK INDEX METADATA ONLY",,"N/A","N/A","NEEDS VERIFICATION","FOUND","N/A","N/A","N/A",,,,"2020/2021-166","https://dmcc.clayclerk.com/Documents/Download/18743","Clerk index metadata verified; document terms and payment chain require document-level review."
"FY2025-26",,"Agreement/Contract","2026-06-24","2025/2026-0201","AGREEMENT FOR SPRINGHAVEN ROAD CIPP - VORTEX INFRASTRUCTURE SERVICES",,"Roads/Transportation",,"CLERK INDEX METADATA ONLY",,"N/A","N/A","FOUND","N/A","N/A","N/A","N/A",,,,,"https://dmcc.clayclerk.com/Documents/Download/18739","Clerk index metadata verified; document terms and payment chain require document-level review."
"FY2025-26",,"Renewals/Extensions/Amendments","2026-06-25","2022/2023-218 RN1","FIRST RENEWAL TO AGREEMENT FOR TRIM PROCESSING AND EXEMPTION RENEWALS - FSSI EAST INC.","FSSI EAST INC.","Administrative/Consulting",,"CLERK INDEX METADATA ONLY",,"NEEDS VERIFICATION","NEEDS VERIFICATION","NEEDS VERIFICATION","FOUND","MISSING","MISSING","MISSING",,,,"2022/2023-218","https://dmcc.clayclerk.com/Documents/Download/18736","Clerk index metadata verified; document terms and payment chain require document-level review."
"FY2025-26",,"Renewals/Extensions/Amendments","2026-06-29","2020/2021-50 RN3","THIRD RENEWAL TO MASTER TERMS AND CONDITIONS AGREEMENT - SUBSCRIPTION SERVICES - BUTTERFLY NETWORK","Butterfly Network","Software/SaaS/Subscriptions/IT",,"CLERK INDEX METADATA ONLY",,"NEEDS VERIFICATION","NEEDS VERIFICATION","NEEDS VERIFICATION","FOUND","MISSING","MISSING","MISSING",,,,"2020/2021-50","https://dmcc.clayclerk.com/Documents/Download/18781","Clerk index metadata verified; document terms and payment chain require document-level review."
"FY2025-26",,"Agreement/Contract","2026-06-29","2025/2026-0199","AGREEMENT FOR GENERATOR PREVENTATIVE MAINTENANCE - ZABATT POWER SYSTEMS","ZABATT POWER SYSTEMS","Fire/EMS",,"CLERK INDEX METADATA ONLY",,"NEEDS VERIFICATION","NEEDS VERIFICATION","FOUND","N/A","MISSING","MISSING","MISSING",,,,,"https://dmcc.clayclerk.com/Documents/Download/18745","Clerk index metadata verified; document terms and payment chain require document-level review."
"FY2025-26",,"Renewals/Extensions/Amendments","2026-06-30","2024/2025-30 AM5","FIFTH AMENDMENT TO AGREEMENT FOR CR 220 WIDENING – PHASE 1 - KIRBY DEVELOPMENT","KIRBY DEVELOPMENT","Roads/Transportation",,"CLERK INDEX METADATA ONLY",,"NEEDS VERIFICATION","NEEDS VERIFICATION","NEEDS VERIFICATION","FOUND","MISSING","MISSING","MISSING",,,,"2024/2025-30","https://dmcc.clayclerk.com/Documents/Download/18758","Clerk index metadata verified; document terms and payment chain require document-level review."
"FY2025-26",,"Agreement/Contract","2026-07-02","2025/2026-0204","SERVPRO - 420 COLLEGE DRIVE","420 COLLEGE DRIVE","Construction/Repairs/Facilities",,"CLERK INDEX METADATA ONLY",,"NEEDS VERIFICATION","NEEDS VERIFICATION","FOUND","N/A","MISSING","MISSING","MISSING",,,,,"https://dmcc.clayclerk.com/Documents/Download/18753","Clerk index metadata verified; document terms and payment chain require document-level review."
"FY2025-26",,"Renewals/Extensions/Amendments","2026-07-06","2022/2023-236 RN1","EPROVAL WEB-BASED PORTAL - EVENTS APPROVALS - LICENSE RENEWAL","LICENSE RENEWAL","Software/SaaS/Subscriptions/IT",,"CLERK INDEX METADATA ONLY",,"NEEDS VERIFICATION","NEEDS VERIFICATION","NEEDS VERIFICATION","FOUND","MISSING","MISSING","MISSING",,,,"2022/2023-236","https://dmcc.clayclerk.com/Documents/Download/18755","Clerk index metadata verified; document terms and payment chain require document-level review."
"FY2025-26",,"Agreement/Contract","2026-07-07","2025/2026-0203","CLINICAL AFFILIATION AGREEMENT - THE EMS TRAINING, LLC dba SCHOOL OF EMS",,"Fire/EMS",,"CLERK INDEX METADATA ONLY",,"N/A","N/A","FOUND","N/A","N/A","N/A","N/A",,,,,"https://dmcc.clayclerk.com/Documents/Download/18757","Clerk index metadata verified; document terms and payment chain require document-level review."
"FY2025-26",,"Renewals/Extensions/Amendments","2026-07-10","2024/2025-279 AM1","FIRST AMENDMENT TO AGREEMENT FOR PROFESSIONAL ARCHITECTURAL SERVICES FOR OAKLEAF LIBRARY - FLEISCHMAN ABD GARICA ARCHITECTS","FLEISCHMAN ABD GARICA ARCHITECTS","Engineering & Professional Services","Architecture & Design","CLERK INDEX METADATA ONLY",,"NEEDS VERIFICATION","NEEDS VERIFICATION","NEEDS VERIFICATION","FOUND","MISSING","MISSING","MISSING",,,,"2024/2025-279","https://dmcc.clayclerk.com/Documents/Download/18761","Clerk index metadata verified; document terms and payment chain require document-level review."
"FY2025-26",,"Agreement/Contract","2026-07-10","2025/2026-0205","Impact Works Subscriber Participation Agreement – Clay County Government - IMPACT WORKS","Impact Works","Software/SaaS/Subscriptions/IT",,"CLERK INDEX METADATA ONLY",,"NEEDS VERIFICATION","NEEDS VERIFICATION","FOUND","N/A","MISSING","MISSING","MISSING",,,,,"https://dmcc.clayclerk.com/Documents/Download/18760","Clerk index metadata verified; document terms and payment chain require document-level review."
"FY2025-26",,"Agreement/Contract","2026-07-10","2025/2026-0206","INTERLOCAL AGREEMENT REGARDING ENHANCED RIGHTS-OF-WAY IMPROVEMENTS AND MAINTENANCE - KUTAK ROCK",,"Grants/Interlocal Agreements",,"CLERK INDEX METADATA ONLY",,"N/A","N/A","FOUND","N/A","N/A","N/A","N/A",,,,,"https://dmcc.clayclerk.com/Documents/Download/18759","Clerk index metadata verified; document terms and payment chain require document-level review."
"FY2025-26",,"Renewals/Extensions/Amendments","2026-07-14","2024/2025-342 AM1","FIRST AMENDMENT TO CLAY COUNTY LEASE AGREEMENT WITH DOING WHAT WE DREAM, INC. AND PRECIOUS SOULS ACADEMY, INC. - BEAR RUN","BEAR RUN","Land/Leases/Real Estate",,"CLERK INDEX METADATA ONLY",,"NEEDS VERIFICATION","NEEDS VERIFICATION","NEEDS VERIFICATION","FOUND","MISSING","MISSING","MISSING",,,,"2024/2025-342","https://dmcc.clayclerk.com/Documents/Download/18774","Clerk index metadata verified; document terms and payment chain require document-level review."
"FY2025-26",,"Renewals/Extensions/Amendments","2026-07-14","2024/2025-68 AM1 (R)","COUNTY OWNED LEASED PROPERTY",,"Land/Leases/Real Estate",,"CLERK INDEX METADATA ONLY",,"N/A","N/A","NEEDS VERIFICATION","FOUND","N/A","N/A","N/A",,,,"2024/2025-68","https://dmcc.clayclerk.com/Documents/Download/18771","Clerk index metadata verified; document terms and payment chain require document-level review."
"FY2025-26",,"Agreement/Contract","2026-07-14","2025/2026-0209","FRANCHISE AGREEMENT FOR CONTAINER SERVICES - JOBSITE DUMPSTERS","JOBSITE DUMPSTERS","Solid Waste/Franchises",,"CLERK INDEX METADATA ONLY",,"NEEDS VERIFICATION","NEEDS VERIFICATION","FOUND","N/A","MISSING","MISSING","MISSING",,,,,"https://dmcc.clayclerk.com/Documents/Download/18790","Clerk index metadata verified; document terms and payment chain require document-level review."
"FY2025-26",,"Agreement/Contract","2026-07-14","2025/2026-0218","DOW JONES AND COMPANY - PUBLIC LIBRARIES AMENITY SERIVCE","PUBLIC LIBRARIES AMENITY SERIVCE","Software/SaaS/Subscriptions/IT",,"CLERK INDEX METADATA ONLY",,"NEEDS VERIFICATION","NEEDS VERIFICATION","FOUND","N/A","MISSING","MISSING","MISSING",,,,,"https://dmcc.clayclerk.com/Documents/Download/18791","Clerk index metadata verified; document terms and payment chain require document-level review."
"FY2025-26",,"Renewals/Extensions/Amendments","2026-07-14","2025/2026-143 AM1","FIRST AMENDMENT TO AGREEMENT FOR MOODY PARK NATIONAL FITNESS CAMPAIGN SLAB",,"Parks/Recreation",,"CLERK INDEX METADATA ONLY",,"N/A","N/A","NEEDS VERIFICATION","FOUND","N/A","N/A","N/A",,,,"2025/2026-143","https://dmcc.clayclerk.com/Documents/Download/18784","Clerk index metadata verified; document terms and payment chain require document-level review."
"FY2025-26",,"Renewals/Extensions/Amendments","2026-07-15","2019/2020-182 RN2","SECOND RENEWAL TO AGREEMENT FOR DEBRIS MONITORING SERVICES - DEBRIS TECH, LLC","DEBRIS TECH, LLC","Environmental/Mosquito",,"CLERK INDEX METADATA ONLY",,"NEEDS VERIFICATION","NEEDS VERIFICATION","NEEDS VERIFICATION","FOUND","MISSING","MISSING","MISSING",,,,"2019/2020-182","https://dmcc.clayclerk.com/Documents/Download/18763","Clerk index metadata verified; document terms and payment chain require document-level review."
"FY2025-26",,"Renewals/Extensions/Amendments","2026-07-15","2019/2020-184 RN2","SECOND RENEWAL TO AGREEMENT FOR DEBRIS MONITORING SERVICES - THOMPSON CONSULTING SERVICES, LLC","THOMPSON CONSULTING SERVICES, LLC","Environmental/Mosquito",,"CLERK INDEX METADATA ONLY",,"NEEDS VERIFICATION","NEEDS VERIFICATION","NEEDS VERIFICATION","FOUND","MISSING","MISSING","MISSING",,,,"2019/2020-184","https://dmcc.clayclerk.com/Documents/Download/18764","Clerk index metadata verified; document terms and payment chain require document-level review."
"FY2025-26",,"Renewals/Extensions/Amendments","2026-07-15","2022/2023-266 ADD2","SECOND ADDENDUM TO AGREEMENT FOR CLAY COUNTY COURTHOUSE ACCESS SECURITY SYSTEM UPGRADE - MILLER ELECTRIC","MILLER ELECTRIC","Public Safety",,"CLERK INDEX METADATA ONLY",,"NEEDS VERIFICATION","NEEDS VERIFICATION","NEEDS VERIFICATION","FOUND","MISSING","MISSING","MISSING",,,,"2022/2023-266 ADD2","https://dmcc.clayclerk.com/Documents/Download/18767","Clerk index metadata verified; document terms and payment chain require document-level review."
"FY2025-26","25/26-073","Agreement/Contract","2026-07-15","2025/2026-0207","AGREEMENT FOR MOBILE TRAILERS FOR FIREFIGHTER GEAR STORAGE - FLY'N BRYAN TRAILERS dba FB TRAILERS","Fly'n Bryan Trailer Sales dba FB Trailers","Fire/EMS",,"SUBSTANTIVE OFFICIAL DOCUMENT REVIEWED","https://claycounty.novusagenda.com/agendapublic/MeetingView.aspx?MeetingID=2164&doctype=Agenda","FOUND","FOUND","FOUND","N/A","MISSING","MISSING","MISSING","75196","75196",,,"https://dmcc.clayclerk.com/Documents/Download/18782","Clerk index metadata verified; document terms and payment chain require document-level review."
"FY2025-26",,"Renewals/Extensions/Amendments","2026-07-15","2025/2026-117 AM1","FIRST AMENDMENT TO AGREEMENT FOR BARRIE NETTING AT CLAY COUNTY REGIONAL SPORTS COMPLEX - BAKER SPORTS","BAKER SPORTS","Parks/Recreation",,"CLERK INDEX METADATA ONLY",,"NEEDS VERIFICATION","NEEDS VERIFICATION","NEEDS VERIFICATION","FOUND","MISSING","MISSING","MISSING",,,,"2025/2026-117","https://dmcc.clayclerk.com/Documents/Download/18780","Clerk index metadata verified; document terms and payment chain require document-level review."
"FY2025-26",,"Renewals/Extensions/Amendments","2026-07-16","2024/2025-94 AM1","FIRST AMENDMENT TO AGREEMENT FOR CONSTRUCTION OF PEDESTRIAN IMPROVEMENTS ON EVERGREEN LANE FROM CR 220B TO LISA DAWN DR; EVERGREEN LANE TO SCHOOL - BESCH AND SMITH CIVIL GROUP","BESCH AND SMITH CIVIL GROUP","Roads/Transportation",,"CLERK INDEX METADATA ONLY",,"NEEDS VERIFICATION","NEEDS VERIFICATION","NEEDS VERIFICATION","FOUND","MISSING","MISSING","MISSING",,,,"2024/2025-94","https://dmcc.clayclerk.com/Documents/Download/18787","Clerk index metadata verified; document terms and payment chain require document-level review."
"FY2025-26",,"Renewals/Extensions/Amendments","2026-07-16","2025/2026-83 AM1","FIRST AMENDMENT TO AGREEMENT FOR CONSTRUCTION OF RADAR ROAD - DB CIVIL CONSTRUCTION","DB CIVIL CONSTRUCTION","Roads/Transportation",,"CLERK INDEX METADATA ONLY",,"NEEDS VERIFICATION","NEEDS VERIFICATION","NEEDS VERIFICATION","FOUND","MISSING","MISSING","MISSING",,,,"2025/2026-83","https://dmcc.clayclerk.com/Documents/Download/18785","Clerk index metadata verified; document terms and payment chain require document-level review."
"FY2025-26",,"Agreement/Contract","2026-07-20","2025/2026-0211","TEMPORARY LICENSE AGREEMENT - REINHOLD CORPORATION","REINHOLD CORPORATION","Land/Leases/Real Estate",,"CLERK INDEX METADATA ONLY",,"NEEDS VERIFICATION","NEEDS VERIFICATION","FOUND","N/A","MISSING","MISSING","MISSING",,,,,"https://dmcc.clayclerk.com/Documents/Download/18772","Clerk index metadata verified; document terms and payment chain require document-level review."
"FY2025-26",,"Renewals/Extensions/Amendments","2026-07-20","2025/2026-51 AM1","eBOOK ADDENDUM - APCO INTELLICOMM","APCO International","Software/SaaS/Subscriptions/IT",,"CLERK INDEX METADATA ONLY",,"NEEDS VERIFICATION","NEEDS VERIFICATION","NEEDS VERIFICATION","FOUND","MISSING","MISSING","MISSING",,,,"2025/2026-51","https://dmcc.clayclerk.com/Documents/Download/18874","Clerk index metadata verified; document terms and payment chain require document-level review."
"FY2025-26",,"Renewals/Extensions/Amendments","2026-07-22","2018/2019-141 EXT 5","FIFTH EXTENSION TO LEASE AGREEMENT - EAGLE HARBOR PARK - THE CROSSINGS AT FLEMING ISLAND CDD","THE CROSSINGS AT FLEMING ISLAND CDD","Parks/Recreation",,"CLERK INDEX METADATA ONLY",,"NEEDS VERIFICATION","NEEDS VERIFICATION","NEEDS VERIFICATION","FOUND","MISSING","MISSING","MISSING",,,,"2018/2019-141 EXT 5","https://dmcc.clayclerk.com/Documents/Download/18788","Clerk index metadata verified; document terms and payment chain require document-level review."
"FY2025-26",,"Renewals/Extensions/Amendments","2026-07-22","2025/2026-113 AM1","FIRST AMENDMENT TO AGREEMENT FOR COMMUNITY DEVELOPMENT BLOCK GRANT SDBG HOUSING REHABILITATION - 972 SANDSTONE DRIVE - JAMES KAES/LISA KAES","JAMES KAES/LISA KAES","Grants/Interlocal Agreements",,"CLERK INDEX METADATA ONLY",,"NEEDS VERIFICATION","NEEDS VERIFICATION","NEEDS VERIFICATION","FOUND","MISSING","MISSING","MISSING",,,,"2025/2026-113","https://dmcc.clayclerk.com/Documents/Download/18797","Clerk index metadata verified; document terms and payment chain require document-level review."
"FY2025-26",,"Agreement/Contract","2026-07-23","2025/2026-0212","SWANK EVENT ORDER FORM - MOVIE LICENSES","MOVIE LICENSES","Parks/Recreation",,"CLERK INDEX METADATA ONLY",,"NEEDS VERIFICATION","NEEDS VERIFICATION","FOUND","N/A","MISSING","MISSING","MISSING",,,,,"https://dmcc.clayclerk.com/Documents/Download/18786","Clerk index metadata verified; document terms and payment chain require document-level review."
"FY2025-26",,"Agreement/Contract","2026-07-24","2025/2026-0213","THE MASTERS TOUCH, LLC - STORMWATER FEE NOTICES","STORMWATER FEE NOTICES","Stormwater/Drainage",,"CLERK INDEX METADATA ONLY",,"NEEDS VERIFICATION","NEEDS VERIFICATION","FOUND","N/A","MISSING","MISSING","MISSING",,,,,"https://dmcc.clayclerk.com/Documents/Download/18789","Clerk index metadata verified; document terms and payment chain require document-level review."
"FY2025-26",,"Renewals/Extensions/Amendments","2026-07-28","2024/2025-78 AM1","FIRST AMENDMENT TO AGREEMENT FOR CLAY COUNTY JUDICIAL FACILITY MASTER PLAN - DEWBERRY ARCHITECTS","DEWBERRY ARCHITECTS","Engineering & Professional Services","Architecture & Design","CLERK INDEX METADATA ONLY",,"NEEDS VERIFICATION","NEEDS VERIFICATION","NEEDS VERIFICATION","FOUND","MISSING","MISSING","MISSING",,,,"2024/2025-78","https://dmcc.clayclerk.com/Documents/Download/18798","Clerk index metadata verified; document terms and payment chain require document-level review."
"FY2025-26",,"Agreement/Contract","2026-07-28","2025/2026-0219","MASTER SERVICE AGREEMENT - SWIFTGOV AND SOW","SwiftGov","Software/SaaS/Subscriptions/IT",,"CLERK INDEX METADATA ONLY",,"NEEDS VERIFICATION","NEEDS VERIFICATION","FOUND","N/A","MISSING","MISSING","MISSING",,,,,"https://dmcc.clayclerk.com/Documents/Download/18803","Clerk index metadata verified; document terms and payment chain require document-level review."
"FY2025-26",,"Agreement/Contract","2026-07-30","2025/2026-0217","INTERLOCAL AGREEMENT BETWEEN CLAY COUNTY, FLORIDA AND THE TOWN OF PENNEY FARMS, FLORIDA FOR DISASTER DEBRIS MANAGEMENT SITE (DDMS)",,"Environmental/Mosquito",,"CLERK INDEX METADATA ONLY",,"N/A","N/A","FOUND","N/A","N/A","N/A","N/A",,,,,"https://dmcc.clayclerk.com/Documents/Download/18792","Clerk index metadata verified; document terms and payment chain require document-level review."
"FY2025-26",,"Agreement/Contract","2026-07-31","2025/2026-0216","HOBART AGREEMENT - ITW Food EQUIPMENT GROUP - REPAIRS AND PREVENTATIVE MAINTENANCE ON KITCHEN EQUIPMENT - CCSO JAIL","CCSO JAIL","Sheriff/Jail",,"CLERK INDEX METADATA ONLY",,"NEEDS VERIFICATION","NEEDS VERIFICATION","FOUND","N/A","MISSING","MISSING","MISSING",,,,,"https://dmcc.clayclerk.com/Documents/Download/18795","Clerk index metadata verified; document terms and payment chain require document-level review."
"FY2025-26",,"Agreement/Contract","2026-08-03","2025/2026-0233","MEMORANDUM OF UNDERSTANDING BETWEEN CLAY COUNTY AND NORTH FLORIDA LAND TRUST REGARDING USE OF NORTH FLORIDA LAND TRUST’S TARFLOWER PRESERVE - NORTH FLORIDA LAND TRUST",,"Land/Leases/Real Estate",,"CLERK INDEX METADATA ONLY",,"N/A","N/A","FOUND","N/A","N/A","N/A","N/A",,,,,"https://dmcc.clayclerk.com/Documents/Download/18804","Clerk index metadata verified; document terms and payment chain require document-level review."
"FY2025-26",,"Renewals/Extensions/Amendments","2026-08-06","2022/2023-259 AM4","STATE OF FLORIDA DIVISION OF HISTORICAL RESOURCES - LOAN AGREEMENT FOR BORROWED ARTIFACTS","LOAN AGREEMENT FOR BORROWED ARTIFACTS","Community/Nonprofit Agreements",,"CLERK INDEX METADATA ONLY",,"NEEDS VERIFICATION","NEEDS VERIFICATION","NEEDS VERIFICATION","FOUND","MISSING","MISSING","MISSING",,,,"2022/2023-259","https://dmcc.clayclerk.com/Documents/Download/18813","Clerk index metadata verified; document terms and payment chain require document-level review."
"FY2025-26",,"Agreement/Contract","2026-08-06","2025/2026-0224","SCHOOL BOARD RE: ORANGE PARK HIGH SCHOOL - INSTRUCTOR FOR THE FIRE RESCUE PROGRAM","INSTRUCTOR FOR THE FIRE RESCUE PROGRAM","Fire/EMS",,"CLERK INDEX METADATA ONLY",,"NEEDS VERIFICATION","NEEDS VERIFICATION","FOUND","N/A","MISSING","MISSING","MISSING",,,,,"https://dmcc.clayclerk.com/Documents/Download/18814","Clerk index metadata verified; document terms and payment chain require document-level review."
"FY2025-26",,"Agreement/Contract","2026-08-06","2025/2026-0225","INTERLOCAL AGREEMENT BETWEEN CLAY COUNTY, FLORIDA AND THE CITY OF KEYSTONE HEIGHTS, FLORIDA FOR DISASTER DEBRIS MANAGEMENT SITE (DDMS)",,"Environmental/Mosquito",,"CLERK INDEX METADATA ONLY",,"N/A","N/A","FOUND","N/A","N/A","N/A","N/A",,,,,"https://dmcc.clayclerk.com/Documents/Download/18811","Clerk index metadata verified; document terms and payment chain require document-level review."
"FY2025-26",,"Agreement/Contract","2026-08-06","2025/2026-0226","FLORIDA ANIMAL FRIEND - SPAY-NEUTER LICENSE PLATE PROGRAM","SPAY-NEUTER LICENSE PLATE PROGRAM","Community/Nonprofit Agreements",,"CLERK INDEX METADATA ONLY",,"NEEDS VERIFICATION","NEEDS VERIFICATION","FOUND","N/A","MISSING","MISSING","MISSING",,,,,"https://dmcc.clayclerk.com/Documents/Download/18815","Clerk index metadata verified; document terms and payment chain require document-level review."
"FY2025-26",,"Agreement/Contract","2026-08-06","2025/2026-0227","INTERLOCAL AGREEMENT BETWEEN CLAY COUNTY, FLORIDA AND THE CITY OF GREEN COVE SPRINGS, FLORIDA FOR DISASTER DEBRIS MANAGEMENT SITE (DDMS)",,"Environmental/Mosquito",,"CLERK INDEX METADATA ONLY",,"N/A","N/A","FOUND","N/A","N/A","N/A","N/A",,,,,"https://dmcc.clayclerk.com/Documents/Download/18812","Clerk index metadata verified; document terms and payment chain require document-level review."
"FY2025-26",,"Agreement/Contract","2026-08-06","2025/2026-0228","AMERICAN RED CROSS - LICENSED TRAINING PROVIDER AGREEMENT - FIRE RESCUE","FIRE RESCUE","Fire/EMS",,"CLERK INDEX METADATA ONLY",,"NEEDS VERIFICATION","NEEDS VERIFICATION","FOUND","N/A","MISSING","MISSING","MISSING",,,,,"https://dmcc.clayclerk.com/Documents/Download/18810","Clerk index metadata verified; document terms and payment chain require document-level review."
"FY2025-26",,"Agreement/Contract","2026-08-10","2025/2026-233","FDFS STATE FUNDED HAZMAT SUSTAINMENT AWARD CONFIRMATION",,"Fire/EMS",,"CLERK INDEX METADATA ONLY",,"N/A","N/A","FOUND","N/A","N/A","N/A","N/A",,,,,"https://dmcc.clayclerk.com/Documents/Download/18833","Clerk index metadata verified; document terms and payment chain require document-level review."
"FY2025-26",,"Renewals/Extensions/Amendments","2026-08-11","2019/2020-40 SA2","FDOT FRONTAGE ROAD",,"Roads/Transportation",,"CLERK INDEX METADATA ONLY",,"N/A","N/A","NEEDS VERIFICATION","FOUND","N/A","N/A","N/A",,,,"2019/2020-40 SA2","https://dmcc.clayclerk.com/Documents/Download/18819","Clerk index metadata verified; document terms and payment chain require document-level review."
"FY2025-26",,"Agreement/Contract","2026-08-11","2025/2026-220","MOBILITY FEE AND APF CREDIT AGREEMENT - HYLAND TRAIL/NS2 AND EW1",,"Roads/Transportation",,"CLERK INDEX METADATA ONLY",,"N/A","N/A","FOUND","N/A","N/A","N/A","N/A",,,,,"https://dmcc.clayclerk.com/Documents/Download/18817","Clerk index metadata verified; document terms and payment chain require document-level review."
"FY2025-26",,"Agreement/Contract","2026-08-11","2025/2026-221","IMPACT FEE CREDIT AGREEMENT FOR FIRE AND RESCUE FACILITIES - HYLAND TRAIL - FIRE STATION SITE 15",,"Fire/EMS",,"CLERK INDEX METADATA ONLY",,"N/A","N/A","FOUND","N/A","N/A","N/A","N/A",,,,,"https://dmcc.clayclerk.com/Documents/Download/18818","Clerk index metadata verified; document terms and payment chain require document-level review."
"FY2025-26","25/26-016","Agreement/Contract","2026-08-11","2025/2026-229","AGREEMENT FOR CONSTRUCTION ENGINEERING AND INSPECTION SERVICES FOR SUN TRAIL","Eisman & Russo, Inc.","Engineering & Professional Services","Construction Engineering & Inspection","SUBSTANTIVE OFFICIAL DOCUMENT REVIEWED","https://claycounty.novusagenda.com/agendapublic/MeetingView.aspx?MeetingID=2160&MinutesMeetingID=-1&doctype=Agenda","FOUND","NEEDS VERIFICATION","FOUND","N/A","MISSING","MISSING","MISSING",,,,,"https://dmcc.clayclerk.com/Documents/Download/18827","Top-ranked firm and executed agreement matched; agreement amount and actual payments remain unverified."
"FY2025-26",,"Renewals/Extensions/Amendments","2026-08-11","2025/2026-24 AM2","SECOND AMENDMENT TO AGREEMENT FOR SIDEWALKS FOR THE COMMUNITY DEVELOPMENT BLOCK GRANT ENTITLEMENT PROGRAM",,"Roads/Transportation",,"CLERK INDEX METADATA ONLY",,"N/A","N/A","NEEDS VERIFICATION","FOUND","N/A","N/A","N/A",,,,"2025/2026-24","https://dmcc.clayclerk.com/Documents/Download/18830","Clerk index metadata verified; document terms and payment chain require document-level review."
"FY2025-26",,"Renewals/Extensions/Amendments","2026-08-12","2024/2025-207 AM2","SECOND AMENDMENT TO COMPREHENSIVE AGREEMENT - BETWEEN CLAY COUNTY AND FORTRESS SECURED, LLC FOR THE DELIVERY OF TWO FIRE STATION FACILITIES","BETWEEN CLAY COUNTY AND FORTRESS SECURED, LLC FOR THE DELIVERY OF TWO FIRE STATION FACILITIES","Fire/EMS",,"CLERK INDEX METADATA ONLY",,"NEEDS VERIFICATION","NEEDS VERIFICATION","NEEDS VERIFICATION","FOUND","MISSING","MISSING","MISSING",,,,"2024/2025-207","https://dmcc.clayclerk.com/Documents/Download/18821","Clerk index metadata verified; document terms and payment chain require document-level review."
"FY2025-26",,"Renewals/Extensions/Amendments","2026-08-12","2025/226-73 AM1","FIRST AMENDMENT TO AGREEMENT FOR OMEGA PARK CCUA CONNECTION - ADVANTAGE CONTRACTING GROUP","ADVANTAGE CONTRACTING GROUP","Utilities",,"CLERK INDEX METADATA ONLY",,"NEEDS VERIFICATION","NEEDS VERIFICATION","NEEDS VERIFICATION","FOUND","MISSING","MISSING","MISSING",,,,"2025/226-73","https://dmcc.clayclerk.com/Documents/Download/18831","Clerk index metadata verified; document terms and payment chain require document-level review."
"FY2025-26",,"Agreement/Contract","2026-08-14","2025/2026-230","AGREEMENT FOR SIDEWALK REPAIR - PRECISION SIDEWALK SAFETY CORPORATION","PRECISION SIDEWALK SAFETY CORPORATION","Roads/Transportation",,"CLERK INDEX METADATA ONLY",,"NEEDS VERIFICATION","NEEDS VERIFICATION","FOUND","N/A","MISSING","MISSING","MISSING",,,,,"https://dmcc.clayclerk.com/Documents/Download/18824","Clerk index metadata verified; document terms and payment chain require document-level review."
"FY2025-26",,"Agreement/Contract","2026-08-20","2025/2026-231","MEDIATION PROGRAM COORDINATOR AGREEMENT FOR THE PERIOD SEPTEMBER 8, 2026 THROUGH SEPTEMBER 30, 2027 - WELDON","WELDON","Legal",,"CLERK INDEX METADATA ONLY",,"NEEDS VERIFICATION","NEEDS VERIFICATION","FOUND","N/A","MISSING","MISSING","MISSING",,,,,"https://dmcc.clayclerk.com/Documents/Download/18844","Clerk index metadata verified; document terms and payment chain require document-level review."
"FY2025-26",,"Renewals/Extensions/Amendments","2026-08-24","2022/2023-266 RN3 AM5","THIRD RENEWAL AND FIFTH AMENDMENT TO AGREEMENT FOR GROUNDSKEEPING SERVICES FOR CLAY COUNTY FACILITIES - CHALLENGE ENTERORISES","CHALLENGE ENTERORISES","Construction/Repairs/Facilities",,"CLERK INDEX METADATA ONLY",,"NEEDS VERIFICATION","NEEDS VERIFICATION","NEEDS VERIFICATION","FOUND","MISSING","MISSING","MISSING",,,,"2022/2023-266","https://dmcc.clayclerk.com/Documents/Download/18856","Clerk index metadata verified; document terms and payment chain require document-level review."
"FY2025-26",,"Renewals/Extensions/Amendments","2026-08-24","2023/2024-256 AM5","FIFTH AMENDMENT TO PHASE 2 CONSTRUCTION MANAGEMENT AT RISK (CMAR) CONSTRUCTION AGREEMENT FOR THE CLAY COUNTY BUILDING/ECONOMIC DEVELOPMENT SERVICES FACILITY - SCORPIO","SCORPIO","Construction/Repairs/Facilities",,"CLERK INDEX METADATA ONLY",,"NEEDS VERIFICATION","NEEDS VERIFICATION","NEEDS VERIFICATION","FOUND","MISSING","MISSING","MISSING",,,,"2023/2024-256","https://dmcc.clayclerk.com/Documents/Download/18838","Clerk index metadata verified; document terms and payment chain require document-level review."
"FY2025-26",,"Renewals/Extensions/Amendments","2026-08-24","2024/2025-41 AM6","SIXTH AMENDMENT TO AGREEMENT FOR CR 220 WIDENING – PHASE 2 - REEVES CONSTRUCTION","REEVES CONSTRUCTION","Roads/Transportation",,"CLERK INDEX METADATA ONLY",,"NEEDS VERIFICATION","NEEDS VERIFICATION","NEEDS VERIFICATION","FOUND","MISSING","MISSING","MISSING",,,,"2024/2025-41","https://dmcc.clayclerk.com/Documents/Download/18839","Clerk index metadata verified; document terms and payment chain require document-level review."
"FY2025-26",,"Renewals/Extensions/Amendments","2026-08-25","2020/2021-149 AM1","FIRST AMENDMENT TO AGREEMENT FOR ENGINEERING CONSULTANT DESIGN SERVICES FOR SR 23/FRONTAGE ROADS FROM TRAIL RIDGE ROAD TO OAKLEAF PLANTATION PARKWAY - CONNELLY AND WICKER","CONNELLY AND WICKER","Engineering & Professional Services","Architecture & Design","CLERK INDEX METADATA ONLY",,"NEEDS VERIFICATION","NEEDS VERIFICATION","NEEDS VERIFICATION","FOUND","MISSING","MISSING","MISSING",,,,"2020/2021-149","https://dmcc.clayclerk.com/Documents/Download/18865","Clerk index metadata verified; document terms and payment chain require document-level review."
"FY2025-26",,"Renewals/Extensions/Amendments","2026-08-25","2024/2025-30 AM6","SIXTH AMENDMENT TO AGREEMENT FOR CR 220 WIDENING – PHASE 1 - KIRBY DEVELOPMENT","KIRBY DEVELOPMENT","Roads/Transportation",,"CLERK INDEX METADATA ONLY",,"NEEDS VERIFICATION","NEEDS VERIFICATION","NEEDS VERIFICATION","FOUND","MISSING","MISSING","MISSING",,,,"2024/2025-30","https://dmcc.clayclerk.com/Documents/Download/18866","Clerk index metadata verified; document terms and payment chain require document-level review."
"FY2025-26",,"Agreement/Contract","2026-08-25","2025/2026-232","STATE HOUSING INITIATIVES PARTNERSHIP (SHIP) PROGRAM ANNUAL REPORT AND LOCAL HOUSING INCENTIVES CERTIFICATION",,"Other",,"CLERK INDEX METADATA ONLY",,"N/A","N/A","FOUND","N/A","N/A","N/A","N/A",,,,,"https://dmcc.clayclerk.com/Documents/Download/18860","Clerk index metadata verified; document terms and payment chain require document-level review."
"FY2025-26",,"Agreement/Contract","2026-08-25","2025/2026-234","RIVER CITY HUNTER JUMPER ASSOC. ADDENDUM TO RESERVATION AGREEMENT",,"Parks/Recreation",,"CLERK INDEX METADATA ONLY",,"N/A","N/A","FOUND","N/A","N/A","N/A","N/A",,,,,"https://dmcc.clayclerk.com/Documents/Download/18837","Clerk index metadata verified; document terms and payment chain require document-level review."
"FY2025-26",,"Agreement/Contract","2026-08-25","2025/2026-236","INTERLOCAL AGREEMENT FOR REIMBURSEMENT OF PROPERTY APPRASIER - STORMWATER MSBU",,"Stormwater/Drainage",,"CLERK INDEX METADATA ONLY",,"N/A","N/A","FOUND","N/A","N/A","N/A","N/A",,,,,"https://dmcc.clayclerk.com/Documents/Download/18840","Clerk index metadata verified; document terms and payment chain require document-level review."
"FY2025-26",,"Agreement/Contract","2026-08-28","2025/2026-235","INTERLOCAL AGREEMENT FOR REIMBURSEMENT OF T AX COLLECTOR - STORMWATER MSBU",,"Stormwater/Drainage",,"CLERK INDEX METADATA ONLY",,"N/A","N/A","FOUND","N/A","N/A","N/A","N/A",,,,,"https://dmcc.clayclerk.com/Documents/Download/18859","Clerk index metadata verified; document terms and payment chain require document-level review."
"FY2025-26",,"Renewals/Extensions/Amendments","2026-08-31","2025/2026-154 AM1","FIRST AMENDMENT TO AGREEMENT FOR DIRT ROAD PAVING OF LAKEVIEW STREET AND HILLTOP STREET - MALOY GRADING CORPORATION","MALOY GRADING CORPORATION","Roads/Transportation",,"CLERK INDEX METADATA ONLY",,"NEEDS VERIFICATION","NEEDS VERIFICATION","NEEDS VERIFICATION","FOUND","MISSING","MISSING","MISSING",,,,"2025/2026-154","https://dmcc.clayclerk.com/Documents/Download/18855","Clerk index metadata verified; document terms and payment chain require document-level review."
"FY2025-26",,"Agreement/Contract","2026-08-31","2025/2026-237","MEMORANDUM OF AGREEMENT FOR IN-KIND DONATION OF CHARTERS OF FREEDOM MONUMENT AT THE CLAY COUNTY HISTORIC TRIANGLE - CARLTON CONST",,"Community/Nonprofit Agreements",,"CLERK INDEX METADATA ONLY",,"N/A","N/A","FOUND","N/A","N/A","N/A","N/A",,,,,"https://dmcc.clayclerk.com/Documents/Download/18858","Clerk index metadata verified; document terms and payment chain require document-level review."
"FY2025-26",,"Renewals/Extensions/Amendments","2026-09-01","2022/2023-72 RN2","SECOND RENEWAL TO AGREEMENT FOR FRONTLOAD CONTAINER SERVICE FOR MULTIPLE COUNTY FACILITIES - FREEDOM WAST MANAGEMENT","FREEDOM WAST MANAGEMENT","Construction/Repairs/Facilities",,"CLERK INDEX METADATA ONLY",,"NEEDS VERIFICATION","NEEDS VERIFICATION","NEEDS VERIFICATION","FOUND","MISSING","MISSING","MISSING",,,,"2022/2023-72","https://dmcc.clayclerk.com/Documents/Download/18853","Clerk index metadata verified; document terms and payment chain require document-level review."
"FY2025-26",,"Renewals/Extensions/Amendments","2026-09-01","2023/2024-1 RN1","FIRST RENEWAL TO LANDFILL MAINTENANCE AGREEMENT - EROSION CONNTROL SEEDING AND MULCHING","EROSION CONNTROL SEEDING AND MULCHING","Solid Waste/Franchises",,"CLERK INDEX METADATA ONLY",,"NEEDS VERIFICATION","NEEDS VERIFICATION","NEEDS VERIFICATION","FOUND","MISSING","MISSING","MISSING",,,,"2023/2024-1","https://dmcc.clayclerk.com/Documents/Download/18878","Clerk index metadata verified; document terms and payment chain require document-level review."
"FY2025-26",,"Agreement/Contract","2026-09-01","2023/2024-264","EXPRESS SCRIPTS - PBM SERVICE - AGREEMENT ADDENDUM","AGREEMENT ADDENDUM","Insurance/Benefits",,"CLERK INDEX METADATA ONLY",,"NEEDS VERIFICATION","NEEDS VERIFICATION","FOUND","N/A","MISSING","MISSING","MISSING",,,,,"https://dmcc.clayclerk.com/Documents/Download/18854","Clerk index metadata verified; document terms and payment chain require document-level review."
"FY2025-26",,"Agreement/Contract","2026-09-01","2025/2026-238","AGREEMENT FOR FENCING WORK AT TANGLEWOOD PARK - RYMAR CONSTRUCTION","RYMAR CONSTRUCTION","Construction/Repairs/Facilities",,"CLERK INDEX METADATA ONLY",,"NEEDS VERIFICATION","NEEDS VERIFICATION","FOUND","N/A","MISSING","MISSING","MISSING",,,,,"https://dmcc.clayclerk.com/Documents/Download/18867","Clerk index metadata verified; document terms and payment chain require document-level review."
"FY2025-26",,"Agreement/Contract","2026-09-01","2025/2026-239","AGREEMENT FOR DRAINAGE REPAIR AND/OR NEW PUBLIC WORKS CONSTRUCTION - jax utilities","jax utilities","Stormwater/Drainage",,"CLERK INDEX METADATA ONLY",,"NEEDS VERIFICATION","NEEDS VERIFICATION","FOUND","N/A","MISSING","MISSING","MISSING",,,,,"https://dmcc.clayclerk.com/Documents/Download/18832","Clerk index metadata verified; document terms and payment chain require document-level review."
"FY2025-26",,"Agreement/Contract","2026-09-01","2025/2026-240","AGREEMENT FOR DRAINAGE REPAIR AND/OR NEW PUBLIC WORKS CONSTRUCTION - KIRBY DEVELOPMENT","KIRBY DEVELOPMENT","Stormwater/Drainage",,"CLERK INDEX METADATA ONLY",,"NEEDS VERIFICATION","NEEDS VERIFICATION","FOUND","N/A","MISSING","MISSING","MISSING",,,,,"https://dmcc.clayclerk.com/Documents/Download/18868","Clerk index metadata verified; document terms and payment chain require document-level review."
"FY2025-26",,"Agreement/Contract","2026-09-01","2025/2026-241","AGREEMENT FOR DRAINAGE REPAIR AND/OR NEW PUBLIC WORKS CONSTRUCTION - CALLAWAY CONTRACTING","CALLAWAY CONTRACTING","Stormwater/Drainage",,"CLERK INDEX METADATA ONLY",,"NEEDS VERIFICATION","NEEDS VERIFICATION","FOUND","N/A","MISSING","MISSING","MISSING",,,,,"https://dmcc.clayclerk.com/Documents/Download/18857","Clerk index metadata verified; document terms and payment chain require document-level review."
"FY2025-26",,"Agreement/Contract","2026-09-01","2025/2026-242","ADOPT A MILE/SPOT PROGRAM - LITTER REMOVAL AGREEMENT - MIDDLEBURG AMERICAN LEGION POST 250",,"Community/Nonprofit Agreements",,"CLERK INDEX METADATA ONLY",,"N/A","N/A","FOUND","N/A","N/A","N/A","N/A",,,,,"https://dmcc.clayclerk.com/Documents/Download/18879","Clerk index metadata verified; document terms and payment chain require document-level review."
"FY2025-26",,"Renewals/Extensions/Amendments","2026-09-01","2025/2026-53 AM2","SECOND AMENDMENT TO AGREEMENT FOR OLD JENNINGS AND LONG BAY TRAFFIC SIGNAL AND INTERSECTION IMPROVEMENTS - CHINCHOR ELECTRIC","CHINCHOR ELECTRIC","Roads/Transportation",,"CLERK INDEX METADATA ONLY",,"NEEDS VERIFICATION","NEEDS VERIFICATION","NEEDS VERIFICATION","FOUND","MISSING","MISSING","MISSING",,,,"2025/2026-53","https://dmcc.clayclerk.com/Documents/Download/18842","Clerk index metadata verified; document terms and payment chain require document-level review."
"FY2025-26",,"Renewals/Extensions/Amendments","2026-09-03","2021/2022-257 RN2","SECOND RENEWAL TO AGREEMENT FOR HOUSEHOLD HAZARDOUS WASTE MANAGEMENT SERVICES - HHW GREER ENTERPRISES","HHW GREER ENTERPRISES","Environmental/Mosquito",,"CLERK INDEX METADATA ONLY",,"NEEDS VERIFICATION","NEEDS VERIFICATION","NEEDS VERIFICATION","FOUND","MISSING","MISSING","MISSING",,,,"2021/2022-257","https://dmcc.clayclerk.com/Documents/Download/18877","Clerk index metadata verified; document terms and payment chain require document-level review."
"FY2025-26",,"Renewals/Extensions/Amendments","2026-09-04","2019/2020-196 AM16","SIXTEENTH AMENDMENT TO AGREEMENT FOR OWNER’S REPRESENTATIVE SERVICES FOR 2020 TRANSPORTATION BOND PROGRAM - WGI., INC.","WGI., INC.","Roads/Transportation",,"CLERK INDEX METADATA ONLY",,"NEEDS VERIFICATION","NEEDS VERIFICATION","NEEDS VERIFICATION","FOUND","MISSING","MISSING","MISSING",,,,"2019/2020-196","https://dmcc.clayclerk.com/Documents/Download/18872","Clerk index metadata verified; document terms and payment chain require document-level review."
"FY2025-26",,"Renewals/Extensions/Amendments","2026-09-04","2024/2025-72 AM9","NINTH AMENDMENT TO AGREEMENT FOR CLAY COUNTY ANIMAL SERVICES SHELTER AND CARE FACILITY - E. VAUGHN RIVERS","E. VAUGHN RIVERS","Construction/Repairs/Facilities",,"CLERK INDEX METADATA ONLY",,"NEEDS VERIFICATION","NEEDS VERIFICATION","NEEDS VERIFICATION","FOUND","MISSING","MISSING","MISSING",,,,"2024/2025-72","https://dmcc.clayclerk.com/Documents/Download/18873","Clerk index metadata verified; document terms and payment chain require document-level review."
"FY2025-26",,"Renewals/Extensions/Amendments","2026-09-08","1992/1993-171 ADD46","JONES EDMUNDS LANDFILL - TECH CONSULTING","TECH CONSULTING","Administrative/Consulting",,"CLERK INDEX METADATA ONLY",,"NEEDS VERIFICATION","NEEDS VERIFICATION","NEEDS VERIFICATION","FOUND","MISSING","MISSING","MISSING",,,,"1992/1993-171 ADD46","https://dmcc.clayclerk.com/Documents/Download/18889","Clerk index metadata verified; document terms and payment chain require document-level review."
"FY2025-26",,"Renewals/Extensions/Amendments","2026-09-08","2018/2019-122 RN5","FIFTH RENEWAL TO AGREEMENT WITH CLAY TODAY - OSTEEN MEDIA","OSTEEN MEDIA","Libraries/Media",,"CLERK INDEX METADATA ONLY",,"NEEDS VERIFICATION","NEEDS VERIFICATION","NEEDS VERIFICATION","FOUND","MISSING","MISSING","MISSING",,,,"2018/2019-122","https://dmcc.clayclerk.com/Documents/Download/18885","Clerk index metadata verified; document terms and payment chain require document-level review."
"FY2025-26",,"Renewals/Extensions/Amendments","2026-09-08","2020/2021-226 EXT 4","FOURTH EXTENSION AND AMENDMENT TO AGREEMENT FOR MEDICAL DIRECTOR SERVICES - JUSTIN DEATON MD","JUSTIN DEATON MD","Health/Human Services",,"CLERK INDEX METADATA ONLY",,"NEEDS VERIFICATION","NEEDS VERIFICATION","NEEDS VERIFICATION","FOUND","MISSING","MISSING","MISSING",,,,"2020/2021-226 EXT 4","https://dmcc.clayclerk.com/Documents/Download/18890","Clerk index metadata verified; document terms and payment chain require document-level review."
"FY2025-26",,"Renewals/Extensions/Amendments","2026-09-08","2024/2025-72 AM10","TENTH AMENDMENT TO AGREEMENT FOR CLAY COUNTY ANIMAL SERVICES SHELTER AND CARE FACILITY - E. VAUGHN RIVERS","E. VAUGHN RIVERS","Construction/Repairs/Facilities",,"CLERK INDEX METADATA ONLY",,"NEEDS VERIFICATION","NEEDS VERIFICATION","NEEDS VERIFICATION","FOUND","MISSING","MISSING","MISSING",,,,"2024/2025-72","https://dmcc.clayclerk.com/Documents/Download/18891","Clerk index metadata verified; document terms and payment chain require document-level review."
"FY2025-26",,"Renewals/Extensions/Amendments","2026-09-08","2025/2026-118 AM1","FIRST AMENDMENT TO LETTER OF INTENT WITH KLARE TIMBER LLC - LETTER OF INTENT",,"Other",,"CLERK INDEX METADATA ONLY",,"N/A","N/A","NEEDS VERIFICATION","FOUND","N/A","N/A","N/A",,,,"2025/2026-118","https://dmcc.clayclerk.com/Documents/Download/18898","Clerk index metadata verified; document terms and payment chain require document-level review."
"FY2025-26",,"Agreement/Contract","2026-09-08","2025/2026-243","AGREEMENT FOR CLAY COUNTY FAIRGROUNDS HURRICANE ROOF REPAIRS – EXHIBIT HALL 2 AND CATTLEMANS ARENA - LEGACY IN ACTION","LEGACY IN ACTION","Construction/Repairs/Facilities",,"CLERK INDEX METADATA ONLY",,"NEEDS VERIFICATION","NEEDS VERIFICATION","FOUND","N/A","MISSING","MISSING","MISSING",,,,,"https://dmcc.clayclerk.com/Documents/Download/18875","Clerk index metadata verified; document terms and payment chain require document-level review."
"FY2025-26",,"Agreement/Contract","2026-09-08","2025/2026-245","INTERLOCAL AGREEMENT BETWEEN CLAY COUNTY AND THE HOUSING FINANCE AUTHORITY OF CLAY COUNTY - LEAH GARDENS",,"Grants/Interlocal Agreements",,"CLERK INDEX METADATA ONLY",,"N/A","N/A","FOUND","N/A","N/A","N/A","N/A",,,,,"https://dmcc.clayclerk.com/Documents/Download/18901","Clerk index metadata verified; document terms and payment chain require document-level review."
"FY2025-26",,"Agreement/Contract","2026-09-08","2025/2026-247","PROBLEM-SOLVING COURTS CASE MANAGER AGREEMENT FOR FY 2026/2027 - VALERIE HENRY","VALERIE HENRY","Legal",,"CLERK INDEX METADATA ONLY",,"NEEDS VERIFICATION","NEEDS VERIFICATION","FOUND","N/A","MISSING","MISSING","MISSING",,,,,"https://dmcc.clayclerk.com/Documents/Download/18910","Clerk index metadata verified; document terms and payment chain require document-level review."
"FY2025-26",,"Agreement/Contract","2026-09-08","2025/2026-248","PROFESSIONAL SERVICES AGREEMENT FOR INDEPENDENT CONTRACTOR FOR FAMILY COURT MAGISTRATE SERVICES FOR FY 2026/2027 - LUNA FAMILY COURT MAGISTRATE","LUNA FAMILY COURT MAGISTRATE","Legal",,"CLERK INDEX METADATA ONLY",,"NEEDS VERIFICATION","NEEDS VERIFICATION","FOUND","N/A","MISSING","MISSING","MISSING",,,,,"https://dmcc.clayclerk.com/Documents/Download/18902","Clerk index metadata verified; document terms and payment chain require document-level review."
"FY2025-26",,"Agreement/Contract","2026-09-08","2025/2026-249","CLAY COUNTY PROBLEM-SOLVING COURTS FUNDING AGREEMENT FOR FY 2026/2027 - CLAY BEHAVIORIAL",,"Health/Human Services",,"CLERK INDEX METADATA ONLY",,"N/A","N/A","FOUND","N/A","N/A","N/A","N/A",,,,,"https://dmcc.clayclerk.com/Documents/Download/18911","Clerk index metadata verified; document terms and payment chain require document-level review."
"FY2025-26",,"Agreement/Contract","2026-09-08","2025/2026-250","LEGAL AID FUNDING AGREEMENT FOR FY 2026-2027 - JACKSONVILLE LEGAL AID FUNDING",,"Legal",,"CLERK INDEX METADATA ONLY",,"N/A","N/A","FOUND","N/A","N/A","N/A","N/A",,,,,"https://dmcc.clayclerk.com/Documents/Download/18903","Clerk index metadata verified; document terms and payment chain require document-level review."
"FY2025-26",,"Agreement/Contract","2026-09-08","2025/2026-251","ALLEN NORTON AND BLUE ENGAGEMENT LETTER FY 26/27",,"Legal",,"CLERK INDEX METADATA ONLY",,"N/A","N/A","FOUND","N/A","N/A","N/A","N/A",,,,,"https://dmcc.clayclerk.com/Documents/Download/18904","Clerk index metadata verified; document terms and payment chain require document-level review."
"FY2025-26",,"Agreement/Contract","2026-09-08","2025/2026-252","PROFESSIONAL SERVICES AGREEMENT FOR INDEPENDENT CONTRACTOR FOR COURT MAGISTRATE SERVICES FOR FY 2026/2027 - DeLUCA","DeLUCA","Legal",,"CLERK INDEX METADATA ONLY",,"NEEDS VERIFICATION","NEEDS VERIFICATION","FOUND","N/A","MISSING","MISSING","MISSING",,,,,"https://dmcc.clayclerk.com/Documents/Download/18883","Clerk index metadata verified; document terms and payment chain require document-level review."
"FY2025-26",,"Agreement/Contract","2026-09-08","2025/2026-253","MEMORANDUM OF AGREEMENT FOR IN-KIND DONATION OF BATHROOM RENOVATION AT OMEGA COMMUNITY PARK",,"Construction/Repairs/Facilities",,"CLERK INDEX METADATA ONLY",,"N/A","N/A","FOUND","N/A","N/A","N/A","N/A",,,,,"https://dmcc.clayclerk.com/Documents/Download/18905","Clerk index metadata verified; document terms and payment chain require document-level review."
"FY2025-26",,"Agreement/Contract","2026-09-08","2025/2026-255","PHASE 2 CONSTRUCTION MANAGEMENT AT RISK (CMAR) AGREEMENT FOR CONSTRUCTION OF CLAY COUNTY FIRE STATION NO. 15 - AJAX","AJAX","Fire/EMS",,"CLERK INDEX METADATA ONLY",,"NEEDS VERIFICATION","NEEDS VERIFICATION","FOUND","N/A","MISSING","MISSING","MISSING",,,,,"https://dmcc.clayclerk.com/Documents/Download/18880","Clerk index metadata verified; document terms and payment chain require document-level review."
"FY2025-26",,"Agreement/Contract","2026-09-08","2025/2026-256","PHASE 2 CONSTRUCTION MANAGEMENT AT RISK (CMAR) AGREEMENT FOR CONSTRUCTION OF CLAY COUNTY FIRE TRAINING FACILITY- AJAX",,"Fire/EMS",,"CLERK INDEX METADATA ONLY",,"N/A","N/A","FOUND","N/A","N/A","N/A","N/A",,,,,"https://dmcc.clayclerk.com/Documents/Download/18881","Clerk index metadata verified; document terms and payment chain require document-level review."
"FY2025-26",,"Agreement/Contract","2026-09-08","2025/2026-257","PHASE 2 CONSTRUCTION MANAGEMENT AT RISK (CMAR) AGREEMENT FOR CONSTRUCTION OF CLAY COUNTY FIRE STATION 16- AJAX",,"Fire/EMS",,"CLERK INDEX METADATA ONLY",,"N/A","N/A","FOUND","N/A","N/A","N/A","N/A",,,,,"https://dmcc.clayclerk.com/Documents/Download/18882","Clerk index metadata verified; document terms and payment chain require document-level review."
"FY2025-26",,"Agreement/Contract","2026-09-08","2025/2026-258","SERVICE AGREEMENT - CLAY COUNTY AND CHALLENGE ENTERPRISES OF NORTH FLORIDA, INC. FOR COMMODITIES MANAGEMENT AND DISTRIBUTION FOR FY 26/27","CLAY COUNTY AND CHALLENGE ENTERPRISES OF NORTH FLORIDA, INC. FOR COMMODITIES MANAGEMENT AND DISTRIBUTION FOR FY 26/27","Other",,"CLERK INDEX METADATA ONLY",,"NEEDS VERIFICATION","NEEDS VERIFICATION","FOUND","N/A","MISSING","MISSING","MISSING",,,,,"https://dmcc.clayclerk.com/Documents/Download/18906","Clerk index metadata verified; document terms and payment chain require document-level review."
"FY2025-26",,"Agreement/Contract","2026-09-08","2025/2026-260","CUBIC TRANSPORTATION SYSTEMS - ITS SOFTWARE MAINTENANCE AND SUPPORT AGREEENT","Cubic Transportation Systems","Software/SaaS/Subscriptions/IT",,"CLERK INDEX METADATA ONLY",,"NEEDS VERIFICATION","NEEDS VERIFICATION","FOUND","N/A","MISSING","MISSING","MISSING",,,,,"https://dmcc.clayclerk.com/Documents/Download/18886","Clerk index metadata verified; document terms and payment chain require document-level review."
"FY2025-26",,"Renewals/Extensions/Amendments","2026-09-14","2024/2025-98 AM4","FOURTH AMENDMENT TO AGREEMENT FOR FIRE AND SECURITY ALARMMONITORING, INSPECTIONS, REPAIR AND MAINTENANCE - VILLAGE KEY AND ALARM","VILLAGE KEY AND ALARM","Fire/EMS",,"CLERK INDEX METADATA ONLY",,"NEEDS VERIFICATION","NEEDS VERIFICATION","NEEDS VERIFICATION","FOUND","MISSING","MISSING","MISSING",,,,"2024/2025-98","https://dmcc.clayclerk.com/Documents/Download/18892","Clerk index metadata verified; document terms and payment chain require document-level review."
"FY2025-26",,"Agreement/Contract","2026-09-14","2025/2026-244","AGREEMENT FOR STORM DAMAGE BERM REPAIRS AT CLAY COUNTY OUTDOOR ADVENTURE PARK - 2K SERVICES","2K SERVICES","Construction/Repairs/Facilities",,"CLERK INDEX METADATA ONLY",,"NEEDS VERIFICATION","NEEDS VERIFICATION","FOUND","N/A","MISSING","MISSING","MISSING",,,,,"https://dmcc.clayclerk.com/Documents/Download/18899","Clerk index metadata verified; document terms and payment chain require document-level review."
"FY2025-26",,"Agreement/Contract","2026-09-14","2025/2026-262","SUNDEW MITIGATION BANK WETLAND MITIGATION CREDIT RESERVATION AND SALE AGREEMENT",,"Environmental/Mosquito",,"CLERK INDEX METADATA ONLY",,"N/A","N/A","FOUND","N/A","N/A","N/A","N/A",,,,,"https://dmcc.clayclerk.com/Documents/Download/18907","Clerk index metadata verified; document terms and payment chain require document-level review."
"FY2025-26",,"Renewals/Extensions/Amendments","2026-09-14","2025/2026-41 AM1","FIRST AMENDMENT TO CONVEYANCE AGREEMENT - GH&G FLORIDA","GH&G FLORIDA","Land/Leases/Real Estate",,"CLERK INDEX METADATA ONLY",,"NEEDS VERIFICATION","NEEDS VERIFICATION","NEEDS VERIFICATION","FOUND","MISSING","MISSING","MISSING",,,,"2025/2026-41","https://dmcc.clayclerk.com/Documents/Download/18913","Clerk index metadata verified; document terms and payment chain require document-level review."
"FY2025-26",,"Agreement/Contract","2026-09-16","2025/2026-263","AGREEMENT FOR KNIGHT’S MARINA & LAKE SHORE BOAT RAMP REPAIR, REDEVELOPMENT AND IMPROVEMENTS - C&L LANDSCAPE","C&L LANDSCAPE","Construction/Repairs/Facilities",,"CLERK INDEX METADATA ONLY",,"NEEDS VERIFICATION","NEEDS VERIFICATION","FOUND","N/A","MISSING","MISSING","MISSING",,,,,"https://dmcc.clayclerk.com/Documents/Download/18912","Clerk index metadata verified; document terms and payment chain require document-level review."
"FY2025-26",,"Agreement/Contract","2026-09-18","2025/2026-265","INTED BADGES - AXIS FL FIREFIGHTER COVERAGE","AXIS FL FIREFIGHTER COVERAGE","Fire/EMS",,"CLERK INDEX METADATA ONLY",,"NEEDS VERIFICATION","NEEDS VERIFICATION","FOUND","N/A","MISSING","MISSING","MISSING",,,,,"https://dmcc.clayclerk.com/Documents/Download/18914","Clerk index metadata verified; document terms and payment chain require document-level review."
